canonical_country_code,canonical_country_name,year,wdi_gdp_per_capita_current_usd,who_life_expectancy_at_birth_both_sexes
ABW,Aruba,2015,27458.220153750623,
ABW,Aruba,2016,27441.55021446005,
ABW,Aruba,2017,28440.04168814911,
ABW,Aruba,2018,30082.158422679753,
ABW,Aruba,2019,30654.485123539747,
ABW,Aruba,2020,22664.370994943685,
ABW,Aruba,2021,26827.344786998594,
AFG,Afghanistan,2015,565.5697304087512,60.33
AFG,Afghanistan,2016,522.0822155838985,60.39
AFG,Afghanistan,2017,525.4697708916185,60.88
AFG,Afghanistan,2018,491.3372213826032,60.49
AFG,Afghanistan,2019,496.6025042584997,61.22
AFG,Afghanistan,2020,510.78706336681074,60.49
AFG,Afghanistan,2021,356.49621411589226,59.13
AGO,Angola,2015,3641.7289392025277,61.59
AGO,Angola,2016,2082.3734359470463,61.85
AGO,Angola,2017,2832.1499795051186,62.04
AGO,Angola,2018,2891.830323787466,62.27
AGO,Angola,2019,2507.8680721364217,62.49
AGO,Angola,2020,1749.1794838482042,62.65
AGO,Angola,2021,2266.968348615838,62.13
ALB,Albania,2015,4199.539129253976,77.77
ALB,Albania,2016,4457.634122074947,77.88
ALB,Albania,2017,5006.360129519591,77.91
ALB,Albania,2018,5897.654525887742,77.94
ALB,Albania,2019,6069.439031310275,77.94
ALB,Albania,2020,6027.913507163485,76.53
ALB,Albania,2021,7242.455131466127,76.39
AND,Andorra,2015,38654.93472172067,
AND,Andorra,2016,40129.819202667066,
AND,Andorra,2017,40672.994336232725,
AND,Andorra,2018,42819.77457935301,
AND,Andorra,2019,41257.80458615429,
AND,Andorra,2020,37361.09006721099,
AND,Andorra,2021,42425.69967610831,
ARE,United Arab Emirates,2015,44910.345886077565,80.71
ARE,United Arab Emirates,2016,42721.11361109914,80.78
ARE,United Arab Emirates,2017,43733.62420182154,80.93
ARE,United Arab Emirates,2018,47135.347879560526,81.17
ARE,United Arab Emirates,2019,45938.60845722273,81.41
ARE,United Arab Emirates,2020,37991.73838796604,80.13
ARE,United Arab Emirates,2021,44118.49362143148,78.31
ARG,Argentina,2015,13679.626498095417,76.53
ARG,Argentina,2016,12699.962313775635,76.12
ARG,Argentina,2017,14532.500930851062,76.64
ARG,Argentina,2018,11752.799892297908,76.89
ARG,Argentina,2019,9955.974786804276,77.02
ARG,Argentina,2020,8535.59938004389,76.23
ARG,Argentina,2021,10738.017922338438,74.57
ARM,Armenia,2015,3512.3935027670905,74.28
ARM,Armenia,2016,3524.4247687470715,74.41
ARM,Armenia,2017,3869.0537386775177,75.18
ARM,Armenia,2018,4196.005623017693,75.62
ARM,Armenia,2019,4597.228873995479,75.67
ARM,Armenia,2020,4268.6809330458345,69.33
ARM,Armenia,2021,4685.179971285085,72.98
ASM,American Samoa,2015,12727.41026513862,
ASM,American Samoa,2016,12843.334290362714,
ASM,American Samoa,2017,11863.683945256465,
ASM,American Samoa,2018,12552.054686886147,
ASM,American Samoa,2019,12886.135951721802,
ASM,American Samoa,2020,14489.258656377484,
ASM,American Samoa,2021,15236.160487557136,
ATG,Antigua and Barbuda,2015,16077.634076940634,75.62
ATG,Antigua and Barbuda,2016,16556.85518015876,75.55
ATG,Antigua and Barbuda,2017,16965.728827381565,75.57
ATG,Antigua and Barbuda,2018,18273.427068491186,75.62
ATG,Antigua and Barbuda,2019,18896.372183224772,75.66
ATG,Antigua and Barbuda,2020,15369.608225040141,77.61
ATG,Antigua and Barbuda,2021,17348.600698718186,76.92
AUS,Australia,2015,56970.36130280944,82.29
AUS,Australia,2016,50084.44406063846,82.59
AUS,Australia,2017,54117.54771860902,82.68
AUS,Australia,2018,57410.173734600896,83.02
AUS,Australia,2019,55194.75850974282,82.64
AUS,Australia,2020,51983.4523666382,83.37
AUS,Australia,2021,60758.9044397144,83.1
AUT,Austria,2015,43915.22802085699,80.99
AUT,Austria,2016,45061.49939201917,81.39
AUT,Austria,2017,47163.7425775142,81.39
AUT,Austria,2018,51194.07498412994,81.42
AUT,Austria,2019,49885.99473552041,81.65
AUT,Austria,2020,48716.4098900349,81.09
AUT,Austria,2021,53648.643797621386,80.99
AZE,Azerbaijan,2015,5500.503646284862,73.63
AZE,Azerbaijan,2016,3880.685227683798,73.97
AZE,Azerbaijan,2017,4147.198142322201,74.63
AZE,Azerbaijan,2018,4739.794312340805,75.13
AZE,Azerbaijan,2019,4805.753717659173,75.8
AZE,Azerbaijan,2020,4229.910649045028,71.43
AZE,Azerbaijan,2021,5408.045351750229,72.91
BDI,Burundi,2015,254.40258522678766,62.71
BDI,Burundi,2016,232.9378121001527,63.24
BDI,Burundi,2017,246.06072571418372,63.68
BDI,Burundi,2018,245.66167833200922,64.03
BDI,Burundi,2019,234.31061590724977,64.32
BDI,Burundi,2020,252.70245275000605,64.59
BDI,Burundi,2021,264.17284408539837,64.01
BEL,Belgium,2015,40893.804537772005,80.71
BEL,Belgium,2016,41854.5498296444,81.07
BEL,Belgium,2017,44035.3239358548,81.15
BEL,Belgium,2018,47487.21003925607,81.25
BEL,Belgium,2019,46716.622746796435,81.61
BEL,Belgium,2020,45906.287580524586,80.78
BEL,Belgium,2021,51658.23829495799,81.51
BEN,Benin,2015,1002.4188687961384,62.63
BEN,Benin,2016,1010.533896199298,63.0
BEN,Benin,2017,1054.9740806681434,63.35
BEN,Benin,2018,1151.7409703472013,63.74
BEN,Benin,2019,1130.8213533979497,64.14
BEN,Benin,2020,1200.1942655778935,64.4
BEN,Benin,2021,1318.6515807519838,64.01
BFA,Burkina Faso,2015,630.124750752312,60.94
BFA,Burkina Faso,2016,663.7423648428855,61.36
BFA,Burkina Faso,2017,709.0915358946953,61.88
BFA,Burkina Faso,2018,777.465618514048,62.36
BFA,Burkina Faso,2019,764.8530777749462,62.61
BFA,Burkina Faso,2020,825.2370387824751,62.93
BFA,Burkina Faso,2021,895.5352884429909,62.3
BGD,Bangladesh,2015,1224.3864766816523,73.19
BGD,Bangladesh,2016,1649.2838085860055,73.44
BGD,Bangladesh,2017,1811.0822166864587,73.38
BGD,Bangladesh,2018,1965.2437273146677,73.67
BGD,Bangladesh,2019,2129.7989695460574,73.95
BGD,Bangladesh,2020,2248.850788282327,73.3
BGD,Bangladesh,2021,2482.849178433572,73.1
BGR,Bulgaria,2015,7269.025865137114,74.56
BGR,Bulgaria,2016,7822.898864317318,74.77
BGR,Bulgaria,2017,8697.133733337152,74.72
BGR,Bulgaria,2018,9849.887699891184,74.85
BGR,Bulgaria,2019,10354.2500414088,75.0
BGR,Bulgaria,2020,10760.761618023407,73.49
BGR,Bulgaria,2021,12966.808519738095,71.31
BHR,Bahrain,2015,23734.05511430191,75.75
BHR,Bahrain,2016,23800.001440631015,75.66
BHR,Bahrain,2017,24784.76935146067,75.71
BHR,Bahrain,2018,26324.40665495586,75.94
BHR,Bahrain,2019,27259.743859932696,76.03
BHR,Bahrain,2020,24342.844455471797,74.85
BHR,Bahrain,2021,27147.80838822855,74.38
BHS,Bahamas,2015,30719.405417468977,72.92
BHS,Bahamas,2016,30616.53631572844,72.95
BHS,Bahamas,2017,31875.488174961905,73.22
BHS,Bahamas,2018,32642.335320345184,73.38
BHS,Bahamas,2019,33640.336986127826,70.74
BHS,Bahamas,2020,26178.75376077077,72.62
BHS,Bahamas,2021,30367.860575770803,70.43
BIH,Bosnia and Herzegovina,2015,4662.258692194478,77.0
BIH,Bosnia and Herzegovina,2016,4928.566590311397,77.13
BIH,Bosnia and Herzegovina,2017,5345.019787664728,77.25
BIH,Bosnia and Herzegovina,2018,6047.847072073918,77.32
BIH,Bosnia and Herzegovina,2019,6122.375413523533,77.1
BIH,Bosnia and Herzegovina,2020,6130.311879682659,75.71
BIH,Bosnia and Herzegovina,2021,7295.34378682258,74.85
BLR,Belarus,2015,5967.0559505877745,73.74
BLR,Belarus,2016,5039.775609494454,73.89
BLR,Belarus,2017,5785.544919351936,74.23
BLR,Belarus,2018,6360.037502312003,74.35
BLR,Belarus,2019,6837.773396456351,74.82
BLR,Belarus,2020,6542.855799767677,73.01
BLR,Belarus,2021,7489.718947138883,73.12
BLZ,Belize,2015,6154.622642303688,74.31
BLZ,Belize,2016,6140.867139194692,74.4
BLZ,Belize,2017,6071.854518464531,74.56
BLZ,Belize,2018,6011.990368885873,74.58
BLZ,Belize,2019,6171.614497614228,74.87
BLZ,Belize,2020,5238.540781756958,74.69
BLZ,Belize,2021,6142.9893055703105,73.32
BMU,Bermuda,2015,104855.36682213539,
BMU,Bermuda,2016,108747.35614430488,
BMU,Bermuda,2017,112339.42558746737,
BMU,Bermuda,2018,113204.82210837994,
BMU,Bermuda,2019,115798.04077557832,
BMU,Bermuda,2020,106976.5462396322,
BMU,Bermuda,2021,112765.08167306027,
BOL,Bolivia (Plurinational State of),2015,2996.0128981134417,71.95
BOL,Bolivia (Plurinational State of),2016,3035.8734773213155,72.22
BOL,Bolivia (Plurinational State of),2017,4048.4011973983856,72.45
BOL,Bolivia (Plurinational State of),2018,4206.855293666104,72.69
BOL,Bolivia (Plurinational State of),2019,4203.15492855788,72.92
BOL,Bolivia (Plurinational State of),2020,3580.9676177830274,67.12
BOL,Bolivia (Plurinational State of),2021,4010.7605368620434,65.41
BRA,Brazil,2015,8936.196617121128,74.71
BRA,Brazil,2016,8836.286527356575,74.56
BRA,Brazil,2017,10080.509281930525,74.99
BRA,Brazil,2018,9300.661649232186,75.32
BRA,Brazil,2019,9029.833266810732,75.48
BRA,Brazil,2020,7074.1937833764405,74.11
BRA,Brazil,2021,7972.536649864598,72.39
BRB,Barbados,2015,20429.47471235528,76.29
BRB,Barbados,2016,20311.40941637637,76.32
BRB,Barbados,2017,20870.75964321789,76.34
BRB,Barbados,2018,21378.220126749577,76.28
BRB,Barbados,2019,21929.435611489047,76.04
BRB,Barbados,2020,19180.991522836513,76.95
BRB,Barbados,2021,21084.40139359979,76.84
BRN,Brunei Darussalam,2015,30625.128774465637,76.56
BRN,Brunei Darussalam,2016,26663.29729506015,76.42
BRN,Brunei Darussalam,2017,28024.382458025215,76.41
BRN,Brunei Darussalam,2018,30988.119026722685,76.41
BRN,Brunei Darussalam,2019,30426.573065652785,76.68
BRN,Brunei Darussalam,2020,26834.359223394298,76.76
BRN,Brunei Darussalam,2021,31006.963628978527,76.92
BTN,Bhutan,2015,2954.0408191109696,73.07
BTN,Bhutan,2016,3152.309051067865,73.28
BTN,Bhutan,2017,3435.2880473566224,73.55
BTN,Bhutan,2018,3400.204172453423,73.75
BTN,Bhutan,2019,3576.8798710050314,73.93
BTN,Bhutan,2020,3191.6690699933065,74.45
BTN,Bhutan,2021,3570.612579808724,74.88
BWA,Botswana,2015,6141.203947266163,62.05
BWA,Botswana,2016,6749.05994339013,62.99
BWA,Botswana,2017,7104.964010880272,64.01
BWA,Botswana,2018,7407.95940141786,64.53
BWA,Botswana,2019,7172.089564800282,64.92
BWA,Botswana,2020,6323.2974967658965,65.17
BWA,Botswana,2021,7807.887945704713,61.23
CAF,Central African Republic,2015,366.3228539381206,50.97
CAF,Central African Republic,2016,387.17620344431776,51.5
CAF,Central African Republic,2017,432.3240256842626,51.27
CAF,Central African Republic,2018,455.24396285953395,52.14
CAF,Central African Republic,2019,449.2284676024388,52.93
CAF,Central African Republic,2020,462.87907129401145,53.08
CAF,Central African Republic,2021,492.26314283050743,52.31
CAN,Canada,2015,43594.23790807062,81.65
CAN,Canada,2016,42314.103362390495,81.74
CAN,Canada,2017,45129.73352810513,81.71
CAN,Canada,2018,46539.21779031782,81.73
CAN,Canada,2019,46352.969520892686,82.02
CAN,Canada,2020,43537.8981198851,81.3
CAN,Canada,2021,52886.640781378825,81.58
CHE,Switzerland,2015,85265.06205192996,82.59
CHE,Switzerland,2016,83432.4111596314,83.17
CHE,Switzerland,2017,83610.24861148397,83.14
CHE,Switzerland,2018,87002.33822935325,83.29
CHE,Switzerland,2019,85872.97023034544,83.48
CHE,Switzerland,2020,87529.70163948924,82.74
CHE,Switzerland,2021,96582.86870806929,83.33
CHI,Channel Islands,2015,61847.82122388566,
CHI,Channel Islands,2016,55947.579811974014,
CHI,Channel Islands,2017,55806.35542574283,
CHI,Channel Islands,2018,60784.812539716164,
CHI,Channel Islands,2019,60564.62939936814,
CHI,Channel Islands,2020,56785.940200503916,
CHI,Channel Islands,2021,66915.39639257225,
CHL,Chile,2015,13433.920298703233,80.13
CHL,Chile,2016,13649.85204528032,80.46
CHL,Chile,2017,14879.90862271865,80.66
CHL,Chile,2018,15659.480867562766,80.96
CHL,Chile,2019,14496.934564036183,81.03
CHL,Chile,2020,13117.99302300864,79.9
CHL,Chile,2021,16216.18408602887,79.02
CHN,China,2015,8175.332850773929,76.51
CHN,China,2016,8254.868593203568,76.72
CHN,China,2017,8979.676527098563,76.95
CHN,China,2018,10085.663814881918,77.14
CHN,China,2019,10342.90095243346,77.31
CHN,China,2020,10627.463798961868,77.48
CHN,China,2021,12887.435724294062,77.62
CIV,Cote d'Ivoire,2015,1814.7185508801674,60.93
CIV,Cote d'Ivoire,2016,1862.5959708128676,61.63
CIV,Cote d'Ivoire,2017,1964.299303383425,62.28
CIV,Cote d'Ivoire,2018,2130.8661938114374,62.91
CIV,Cote d'Ivoire,2019,2141.7683617011467,63.48
CIV,Cote d'Ivoire,2020,2179.7293483293465,63.31
CIV,Cote d'Ivoire,2021,2455.9812764114818,63.52
CMR,Cameroon,2015,1415.0000971056854,58.98
CMR,Cameroon,2016,1441.7201725688024,59.79
CMR,Cameroon,2017,1496.089517712422,60.64
CMR,Cameroon,2018,1610.6964159101708,61.39
CMR,Cameroon,2019,1555.2266047647743,62.03
CMR,Cameroon,2020,1555.6037066074864,62.18
CMR,Cameroon,2021,1672.3265734087217,61.77
COD,Democratic Republic of the Congo,2015,495.8266330148833,59.96
COD,Democratic Republic of the Congo,2016,459.76503659038764,60.44
COD,Democratic Republic of the Congo,2017,431.05255912878806,60.84
COD,Democratic Republic of the Congo,2018,518.1696268753709,61.43
COD,Democratic Republic of the Congo,2019,504.00419142285995,61.84
COD,Democratic Republic of the Congo,2020,486.4255726822558,62.04
COD,Democratic Republic of the Congo,2021,595.743074403567,61.63
COG,Congo,2015,2439.351894036956,62.05
COG,Congo,2016,2093.107285588428,62.57
COG,Congo,2017,2211.633098747971,62.84
COG,Congo,2018,2694.4341319142677,63.06
COG,Congo,2019,2488.424667249158,62.76
COG,Congo,2020,1993.5866719310018,63.36
COG,Congo,2021,2516.1625514543157,63.17
COL,Colombia,2015,6248.514905345122,77.34
COL,Colombia,2016,5959.842503675744,77.58
COL,Colombia,2017,6479.532312924286,77.79
COL,Colombia,2018,6816.968183095439,77.82
COL,Colombia,2019,6472.545449247049,77.95
COL,Colombia,2020,5339.687113579434,76.17
COL,Colombia,2021,6222.621643976142,74.53
COM,Comoros,2015,1329.3704823598596,67.43
COM,Comoros,2016,1365.4840344449694,67.7
COM,Comoros,2017,1423.9248027796975,67.83
COM,Comoros,2018,1540.7113225752598,68.2
COM,Comoros,2019,1519.2638643606817,68.1
COM,Comoros,2020,1527.1699101191573,68.31
COM,Comoros,2021,1587.7298865800844,67.5
CPV,Cabo Verde,2015,3415.0626673093116,74.83
CPV,Cabo Verde,2016,3608.9660523490647,74.86
CPV,Cabo Verde,2017,3893.095713825062,74.91
CPV,Cabo Verde,2018,4294.965100357294,73.86
CPV,Cabo Verde,2019,4380.781173311284,74.06
CPV,Cabo Verde,2020,3539.226612482986,73.67
CPV,Cabo Verde,2021,3971.4440920342254,73.16
CRI,Costa Rica,2015,11714.710612167235,80.57
CRI,Costa Rica,2016,12091.03015608924,80.11
CRI,Costa Rica,2017,12317.090277991121,80.2
CRI,Costa Rica,2018,12620.020732158075,80.29
CRI,Costa Rica,2019,12951.858842184089,80.3
CRI,Costa Rica,2020,12475.68520768138,79.99
CRI,Costa Rica,2021,12962.271607565921,78.63
CUB,Cuba,2015,7727.919972079983,77.93
CUB,Cuba,2016,8110.558742836164,78.14
CUB,Cuba,2017,8610.608296054288,77.65
CUB,Cuba,2018,8911.462059987256,77.85
CUB,Cuba,2019,9232.261159351829,77.66
CUB,Cuba,2020,9605.27914559614,77.64
CUB,Cuba,2021,,73.67
CUW,Curacao,2015,19361.813000867798,
CUW,Curacao,2016,18944.096149399775,
CUW,Curacao,2017,18938.244046970274,
CUW,Curacao,2018,19119.12439416876,
CUW,Curacao,2019,19220.686695830263,
CUW,Curacao,2020,16299.813468860468,
CUW,Curacao,2021,17795.582648309166,
CYM,Cayman Islands,2015,76379.2095108681,
CYM,Cayman Islands,2016,77802.25415671869,
CYM,Cayman Islands,2017,80053.94445068909,
CYM,Cayman Islands,2018,83865.55315681841,
CYM,Cayman Islands,2019,88254.29036770435,
CYM,Cayman Islands,2020,82338.79774390228,
CYM,Cayman Islands,2021,86449.67490373024,
CYP,Cyprus,2015,23088.4296875,81.8
CYP,Cyprus,2016,24280.044921875,81.71
CYP,Cyprus,2017,26247.46484375,81.87
CYP,Cyprus,2018,29120.38671875,82.06
CYP,Cyprus,2019,29227.16796875,82.18
CYP,Cyprus,2020,28130.330078125,82.06
CYP,Cyprus,2021,32937.8359375,81.91
CZE,Czechia,2015,17931.59876707676,78.48
CZE,Czechia,2016,18753.96867180957,78.93
CZE,Czechia,2017,20913.197632212043,78.85
CZE,Czechia,2018,23705.932981129885,78.89
CZE,Czechia,2019,24062.719001334306,79.14
CZE,Czechia,2020,23472.891545441667,78.13
CZE,Czechia,2021,27696.461952754424,77.08
DEU,Germany,2015,41929.75491107217,80.43
DEU,Germany,2016,42948.938193269365,80.69
DEU,Germany,2017,45553.93414953386,80.75
DEU,Germany,2018,48916.16866121543,80.65
DEU,Germany,2019,47656.199739747026,80.97
DEU,Germany,2020,47394.87345044692,80.8
DEU,Germany,2021,52349.24599944222,80.49
DJI,Djibouti,2015,2376.1255471987265,63.88
DJI,Djibouti,2016,2510.430007624096,64.34
DJI,Djibouti,2017,2618.95521147369,64.73
DJI,Djibouti,2018,2718.0833879920333,65.12
DJI,Djibouti,2019,2837.169023409324,65.44
DJI,Djibouti,2020,2844.888106478533,65.27
DJI,Djibouti,2021,3025.9112641354923,64.87
DMA,Dominica,2015,8282.598747021415,
DMA,Dominica,2016,8802.561720413629,
DMA,Dominica,2017,8224.648965714136,
DMA,Dominica,2018,9215.308540564503,
DMA,Dominica,2019,9491.149959623737,
DMA,Dominica,2020,7827.748426804263,
DMA,Dominica,2021,8376.404141411134,
DNK,Denmark,2015,53094.01336075736,80.59
DNK,Denmark,2016,54500.92604102175,80.71
DNK,Denmark,2017,57521.55149922252,80.94
DNK,Denmark,2018,61324.76650455651,80.82
DNK,Denmark,2019,59404.266324772296,81.28
DNK,Denmark,2020,60985.48856015139,81.37
DNK,Denmark,2021,69340.73349221384,81.18
DOM,Dominican Republic,2015,6800.953093954736,73.29
DOM,Dominican Republic,2016,7160.442009823075,73.33
DOM,Dominican Republic,2017,7412.715715715117,73.41
DOM,Dominican Republic,2018,7882.982215849437,73.52
DOM,Dominican Republic,2019,8183.016236003749,73.91
DOM,Dominican Republic,2020,7135.222732558986,73.57
DOM,Dominican Republic,2021,8527.075485820502,73.32
DZA,Algeria,2015,4685.059027290017,76.07
DZA,Algeria,2016,4424.985290275557,76.28
DZA,Algeria,2017,4554.667539578281,76.4
DZA,Algeria,2018,4577.210291804906,76.44
DZA,Algeria,2019,4468.453418836562,76.55
DZA,Algeria,2020,3743.5419522928983,74.02
DZA,Algeria,2021,4160.559267369248,75.98
ECU,Ecuador,2015,5976.159680565097,77.15
ECU,Ecuador,2016,5917.63771271481,77.18
ECU,Ecuador,2017,6233.322447977176,77.31
ECU,Ecuador,2018,6303.918866583376,77.47
ECU,Ecuador,2019,6205.057652467664,77.75
ECU,Ecuador,2020,5463.645153485981,72.71
ECU,Ecuador,2021,6061.323501817112,73.96
EGY,Egypt,2015,3306.9815941414076,70.06
EGY,Egypt,2016,3270.628776819699,70.7
EGY,Egypt,2017,2395.1033329949128,71.25
EGY,Egypt,2018,2484.7031563050828,71.36
EGY,Egypt,2019,2962.9889202300265,71.59
EGY,Egypt,2020,3511.1138102637947,70.12
EGY,Egypt,2021,3827.354153743081,69.11
ERI,Eritrea,2015,,62.52
ERI,Eritrea,2016,,62.88
ERI,Eritrea,2017,,63.17
ERI,Eritrea,2018,,63.47
ERI,Eritrea,2019,,63.76
ERI,Eritrea,2020,,63.82
ERI,Eritrea,2021,,63.57
ESP,Spain,2015,25982.44161977755,82.33
ESP,Spain,2016,26755.606114939812,82.73
ESP,Spain,2017,28381.342559690624,82.68
ESP,Spain,2018,30602.42128811132,82.77
ESP,Spain,2019,29786.5245689007,83.14
ESP,Spain,2020,27233.942646160765,81.92
ESP,Spain,2021,30799.477593777483,82.66
EST,Estonia,2015,17722.155766952314,77.63
EST,Estonia,2016,18666.3736521706,77.71
EST,Estonia,2017,20851.522349686096,78.22
EST,Estonia,2018,23618.13612545807,78.35
EST,Estonia,2019,24021.250141330624,78.89
EST,Estonia,2020,23933.993942106536,78.62
EST,Estonia,2021,27951.165927774426,77.13
ETH,Ethiopia,2015,597.9121132186633,67.1
ETH,Ethiopia,2016,641.6515232862331,67.59
ETH,Ethiopia,2017,696.3484290762159,68.07
ETH,Ethiopia,2018,739.7020222720861,68.47
ETH,Ethiopia,2019,793.4732472189955,68.85
ETH,Ethiopia,2020,829.7909825529507,68.8
ETH,Ethiopia,2021,893.0098354417842,67.84
FIN,Finland,2015,42560.34567671027,81.2
FIN,Finland,2016,43451.25624421576,81.12
FIN,Finland,2017,46085.017473903594,81.32
FIN,Finland,2018,49654.24970353289,81.41
FIN,Finland,2019,48358.180777370086,81.65
FIN,Finland,2020,48828.68468627994,81.54
FIN,Finland,2021,53099.13514001479,81.53
FJI,Fiji,2015,5097.531068646955,67.8
FJI,Fiji,2016,5363.790266792433,67.75
FJI,Fiji,2017,5826.848144593282,67.87
FJI,Fiji,2018,6085.419794853761,67.87
FJI,Fiji,2019,5842.073445775965,67.87
FJI,Fiji,2020,4620.645723801395,67.71
FJI,Fiji,2021,4536.733121103354,65.5
FRA,France,2015,36702.432373337935,81.91
FRA,France,2016,37024.21571336689,82.13
FRA,France,2017,38687.162640716364,82.17
FRA,France,2018,41418.17664848442,82.38
FRA,France,2019,40408.28485747505,82.53
FRA,France,2020,39169.860600070715,81.87
FRA,France,2021,43725.0999521245,81.92
FRO,Faroe Islands,2015,52638.266821845355,
FRO,Faroe Islands,2016,56876.43023638042,
FRO,Faroe Islands,2017,59388.53659657757,
FRO,Faroe Islands,2018,62525.2647698273,
FRO,Faroe Islands,2019,63070.72280803611,
FRO,Faroe Islands,2020,62247.92739070984,
FRO,Faroe Islands,2021,69421.69816865149,
FSM,Micronesia (Federated States of),2015,2869.8627616910117,65.33
FSM,Micronesia (Federated States of),2016,2997.93719917488,65.52
FSM,Micronesia (Federated States of),2017,3297.375800367187,65.66
FSM,Micronesia (Federated States of),2018,3584.7837756689623,65.83
FSM,Micronesia (Federated States of),2019,3581.7268457227833,65.94
FSM,Micronesia (Federated States of),2020,3362.028021205236,65.67
FSM,Micronesia (Federated States of),2021,3508.223141976636,65.71
GAB,Gabon,2015,7047.126546343554,64.0
GAB,Gabon,2016,6677.070039016437,64.26
GAB,Gabon,2017,6921.73373135624,64.53
GAB,Gabon,2018,7624.277523377101,64.7
GAB,Gabon,2019,7441.178647228097,64.97
GAB,Gabon,2020,6605.803460779041,65.13
GAB,Gabon,2021,8181.409141343981,65.09
GBR,United Kingdom of Great Britain and Northern Ireland,2015,45256.04022705699,80.66
GBR,United Kingdom of Great Britain and Northern Ireland,2016,41258.5374285695,80.81
GBR,United Kingdom of Great Britain and Northern Ireland,2017,40918.05208709441,80.92
GBR,United Kingdom of Great Britain and Northern Ireland,2018,43704.316229668715,80.62
GBR,United Kingdom of Great Britain and Northern Ireland,2019,43160.684397179866,81.22
GBR,United Kingdom of Great Britain and Northern Ireland,2020,40815.125536478736,80.14
GBR,United Kingdom of Great Britain and Northern Ireland,2021,47695.64915234745,80.1
GEO,Georgia,2015,4086.6223465964995,72.85
GEO,Georgia,2016,4143.4012568631515,72.63
GEO,Georgia,2017,4418.752065466785,73.5
GEO,Georgia,2018,4804.054604044404,73.81
GEO,Georgia,2019,4741.283271587601,73.85
GEO,Georgia,2020,4300.85701291207,73.11
GEO,Georgia,2021,5083.606954845773,71.24
GHA,Ghana,2015,1722.7728283360616,64.34
GHA,Ghana,2016,1912.4799133995061,64.71
GHA,Ghana,2017,2012.2866264126542,65.09
GHA,Ghana,2018,2195.3216601637732,65.52
GHA,Ghana,2019,2186.6582268261286,65.97
GHA,Ghana,2020,2195.4548165998676,66.18
GHA,Ghana,2021,2445.18662529344,66.1
GIB,GIB,2015,,
GIB,GIB,2016,,
GIB,GIB,2017,,
GIB,GIB,2018,,
GIB,GIB,2019,,
GIB,GIB,2020,,
GIB,GIB,2021,,
GIN,Guinea,2015,747.3569667594476,59.2
GIN,Guinea,2016,711.9965097823158,59.84
GIN,Guinea,2017,833.598621691121,60.25
GIN,Guinea,2018,933.273615633705,60.66
GIN,Guinea,2019,1031.341464807319,61.13
GIN,Guinea,2020,1053.660976964146,61.16
GIN,Guinea,2021,1244.9655047791368,61.26
GMB,Gambia,2015,619.5363642964605,63.8
GMB,Gambia,2016,650.0565013236113,64.05
GMB,Gambia,2017,642.5226412963307,64.32
GMB,Gambia,2018,696.2198069606148,64.61
GMB,Gambia,2019,738.1867519874828,64.91
GMB,Gambia,2020,720.3351433521331,64.79
GMB,Gambia,2021,781.8909251695309,64.21
GNB,Guinea-Bissau,2015,645.0668372070388,57.58
GNB,Guinea-Bissau,2016,679.6653866268176,58.03
GNB,Guinea-Bissau,2017,783.123186602022,58.35
GNB,Guinea-Bissau,2018,808.531613218504,58.6
GNB,Guinea-Bissau,2019,811.2100040500414,58.98
GNB,Guinea-Bissau,2020,846.9181349676135,58.38
GNB,Guinea-Bissau,2021,926.54619187706,58.63
GNQ,Equatorial Guinea,2015,9068.910032386446,61.13
GNQ,Equatorial Guinea,2016,7453.197979485167,60.86
GNQ,Equatorial Guinea,2017,7809.104656554882,61.21
GNQ,Equatorial Guinea,2018,8102.470848340313,61.42
GNQ,Equatorial Guinea,2019,6804.149230738878,61.39
GNQ,Equatorial Guinea,2020,5764.055029129468,61.16
GNQ,Equatorial Guinea,2021,6945.630697945393,61.61
GRC,Greece,2015,17980.72982381374,80.42
GRC,Greece,2016,17919.24263770477,80.71
GRC,Greece,2017,18631.99301292935,80.69
GRC,Greece,2018,19873.401523877146,81.05
GRC,Greece,2019,19335.360200296866,80.91
GRC,Greece,2020,17886.733165236048,80.63
GRC,Greece,2021,20652.89659590998,79.6
GRD,Grenada,2015,8694.12438005692,72.55
GRD,Grenada,2016,9221.234610794238,72.49
GRD,Grenada,2017,9751.426611559324,72.62
GRD,Grenada,2018,10083.02127922496,72.79
GRD,Grenada,2019,10462.792915953347,72.73
GRD,Grenada,2020,8968.558901084838,75.35
GRD,Grenada,2021,9617.289029053734,72.77
GRL,Greenland,2015,44536.35497053773,
GRL,Greenland,2016,48181.74535412656,
GRL,Greenland,2017,50765.74946653718,
GRL,Greenland,2018,54545.13585776503,
GRL,Greenland,2019,53309.20359050652,
GRL,Greenland,2020,54812.66617710234,
GRL,Greenland,2021,58135.993991020296,
GTM,Guatemala,2015,3893.5053329906823,72.05
GTM,Guatemala,2016,4060.1378473764325,72.23
GTM,Guatemala,2017,4324.997689156005,72.7
GTM,Guatemala,2018,4352.9459328970715,72.73
GTM,Guatemala,2019,4511.998395526965,72.71
GTM,Guatemala,2020,4477.617850006646,70.96
GTM,Guatemala,2021,4912.622404146814,68.7
GUM,Guam,2015,35165.70146447955,
GUM,Guam,2016,35930.6594898711,
GUM,Guam,2017,36779.00789039085,
GUM,Guam,2018,37195.95030704639,
GUM,Guam,2019,39274.943142489865,
GUM,Guam,2020,36482.936395367484,
GUM,Guam,2021,38074.8793745801,
GUY,Guyana,2015,5640.41560569466,66.95
GUY,Guyana,2016,5870.878237598348,67.57
GUY,Guyana,2017,6178.665043729804,68.19
GUY,Guyana,2018,6048.386971804177,68.75
GUY,Guyana,2019,6405.824434445621,68.73
GUY,Guyana,2020,6775.709390963032,66.94
GUY,Guyana,2021,9860.870148343864,66.08
HKG,"Hong Kong SAR, China",2015,42432.161974044146,
HKG,"Hong Kong SAR, China",2016,43734.19807029992,
HKG,"Hong Kong SAR, China",2017,46160.429791492985,
HKG,"Hong Kong SAR, China",2018,48537.56688883427,
HKG,"Hong Kong SAR, China",2019,48359.00119505975,
HKG,"Hong Kong SAR, China",2020,46109.22999466091,
HKG,"Hong Kong SAR, China",2021,49770.56423747394,
HND,Honduras,2015,2271.2026598034863,69.53
HND,Honduras,2016,2307.3446835108152,71.09
HND,Honduras,2017,2413.007656294202,71.27
HND,Honduras,2018,2464.642415319176,71.31
HND,Honduras,2019,2502.327443280727,71.44
HND,Honduras,2020,2307.6149431951144,70.33
HND,Honduras,2021,2735.1475150397705,68.96
HRV,Croatia,2015,12283.875029917666,77.61
HRV,Croatia,2016,12820.187274664464,78.29
HRV,Croatia,2017,13901.64986577873,78.13
HRV,Croatia,2018,15460.456079898426,78.34
HRV,Croatia,2019,15563.735499662469,78.6
HRV,Croatia,2020,14807.555922754396,77.86
HRV,Croatia,2021,17788.76011637647,76.86
HTI,Haiti,2015,1411.1268474679646,62.51
HTI,Haiti,2016,1318.402681679532,62.8
HTI,Haiti,2017,1395.2394518446108,63.25
HTI,Haiti,2018,1496.3804897015589,63.47
HTI,Haiti,2019,1352.1720419153248,63.66
HTI,Haiti,2020,1290.3253866738314,63.41
HTI,Haiti,2021,1824.679874257704,62.46
HUN,Hungary,2015,12782.941257797267,75.57
HUN,Hungary,2016,13215.860527778877,76.07
HUN,Hungary,2017,14736.166815725837,75.9
HUN,Hungary,2018,16605.05705118868,76.09
HUN,Hungary,2019,17012.859855319868,76.34
HUN,Hungary,2020,16386.93088212582,75.76
HUN,Hungary,2021,19030.62813032901,74.4
IDN,Indonesia,2015,3288.222697255384,70.54
IDN,Indonesia,2016,3521.469434575738,70.78
IDN,Indonesia,2017,3798.8832617452576,71.0
IDN,Indonesia,2018,3860.9535309072558,71.18
IDN,Indonesia,2019,4106.948561603577,71.4
IDN,Indonesia,2020,3853.7028877414587,69.7
IDN,Indonesia,2021,4287.173139950984,68.26
IMN,Isle of Man,2015,84753.51874227317,
IMN,Isle of Man,2016,82025.94545092407,
IMN,Isle of Man,2017,83481.30384890136,
IMN,Isle of Man,2018,89393.82442488115,
IMN,Isle of Man,2019,87127.55179774042,
IMN,Isle of Man,2020,79513.53303465979,
IMN,Isle of Man,2021,94299.96934896502,
IND,India,2015,1583.998159079848,69.38
IND,India,2016,1707.5089291224338,69.78
IND,India,2017,1950.1046828086635,70.06
IND,India,2018,1966.254551716789,70.35
IND,India,2019,2041.4286369858535,70.73
IND,India,2020,1907.042516376687,70.19
IND,India,2021,2239.6138436748224,67.31
IRL,Ireland,2015,64250.138518125656,81.14
IRL,Ireland,2016,64129.55715423832,81.41
IRL,Ireland,2017,72161.4047531385,81.6
IRL,Ireland,2018,80804.11231648263,81.71
IRL,Ireland,2019,81827.6688873996,81.94
IRL,Ireland,2020,86514.07061087541,81.7
IRL,Ireland,2021,103783.44628447875,81.6
IRN,Iran (Islamic Republic of),2015,4952.733555321775,77.28
IRN,Iran (Islamic Republic of),2016,5710.599470891042,77.37
IRN,Iran (Islamic Republic of),2017,6000.933464044092,77.48
IRN,Iran (Islamic Republic of),2018,4783.010673402372,77.69
IRN,Iran (Islamic Republic of),2019,3997.493544958496,77.78
IRN,Iran (Islamic Republic of),2020,3202.500035021685,75.19
IRN,Iran (Islamic Republic of),2021,4605.148813189922,74.71
IRQ,Iraq,2015,4440.141892523674,71.01
IRQ,Iraq,2016,4334.4209640418785,71.13
IRQ,Iraq,2017,4759.284643546699,71.61
IRQ,Iraq,2018,5646.689320747416,73.06
IRQ,Iraq,2019,5671.856863294203,72.9
IRQ,Iraq,2020,4295.189451212281,70.41
IRQ,Iraq,2021,4868.494310807826,71.47
ISL,Iceland,2015,53505.69640793393,82.13
ISL,Iceland,2016,62854.090640793234,82.18
ISL,Iceland,2017,72976.37299909748,82.27
ISL,Iceland,2018,75633.86513519146,82.37
ISL,Iceland,2019,69296.31443616007,82.47
ISL,Iceland,2020,60127.939357561576,82.56
ISL,Iceland,2021,70425.40642772733,82.58
ISR,Israel,2015,36138.135613859966,81.91
ISR,Israel,2016,37571.25611962752,82.22
ISR,Israel,2017,41013.257532351876,82.38
ISR,Israel,2018,42269.37702575852,82.59
ISR,Israel,2019,44091.86780225441,82.57
ISR,Israel,2020,44590.823725328206,82.37
ISR,Israel,2021,52258.4693499398,81.74
ITA,Italy,2015,30639.882975143213,82.2
ITA,Italy,2016,31391.569289810846,82.87
ITA,Italy,2017,32844.115660604024,82.52
ITA,Italy,2018,35062.33641769489,82.78
ITA,Italy,2019,33812.788724867976,82.99
ITA,Italy,2020,32091.48666213664,81.94
ITA,Italy,2021,36852.542541495095,82.2
JAM,Jamaica,2015,5339.307182568061,72.29
JAM,Jamaica,2016,5302.29553353854,72.33
JAM,Jamaica,2017,5605.43541173019,72.33
JAM,Jamaica,2018,5976.903626443367,72.52
JAM,Jamaica,2019,6030.688964159207,72.24
JAM,Jamaica,2020,5299.045308042832,72.64
JAM,Jamaica,2021,5625.678062712359,70.14
JOR,Jordan,2015,4441.618960137543,78.51
JOR,Jordan,2016,4366.069996472683,78.76
JOR,Jordan,2017,4449.346180766106,79.14
JOR,Jordan,2018,4533.976584372052,79.63
JOR,Jordan,2019,4557.793347291206,79.79
JOR,Jordan,2020,4411.483218383957,77.56
JOR,Jordan,2021,4581.719672303647,75.65
JPN,Japan,2015,35664.64461106127,84.0
JPN,Japan,2016,40214.96886315619,84.16
JPN,Japan,2017,39679.86352629483,84.26
JPN,Japan,2018,40645.47808651896,84.35
JPN,Japan,2019,41424.86556015434,84.47
JPN,Japan,2020,41098.973900455276,84.66
JPN,Japan,2021,41580.739040705004,84.46
KAZ,Kazakhstan,2015,10196.122625598211,71.98
KAZ,Kazakhstan,2016,7475.566886894244,72.4
KAZ,Kazakhstan,2017,8943.084167919838,72.97
KAZ,Kazakhstan,2018,9472.485273277582,73.17
KAZ,Kazakhstan,2019,9457.126146571356,73.2
KAZ,Kazakhstan,2020,8781.507977876476,71.32
KAZ,Kazakhstan,2021,9983.601035769021,70.28
KEN,Kenya,2015,1489.1195977728398,64.3
KEN,Kenya,2016,1554.1261031442327,65.03
KEN,Kenya,2017,1667.4844723083543,65.61
KEN,Kenya,2018,1836.4527552899294,66.07
KEN,Kenya,2019,1960.408088548926,66.5
KEN,Kenya,2020,1927.6645902784887,66.79
KEN,Kenya,2021,2061.3562208959406,66.76
KGZ,Kyrgyzstan,2015,1105.6519384426072,71.54
KGZ,Kyrgyzstan,2016,1103.2748942841188,72.67
KGZ,Kyrgyzstan,2017,1221.3904680708185,72.81
KGZ,Kyrgyzstan,2018,1283.520303741702,73.29
KGZ,Kyrgyzstan,2019,1421.9992750410186,73.59
KGZ,Kyrgyzstan,2020,1229.517666029075,71.47
KGZ,Kyrgyzstan,2021,1349.9973065054235,72.19
KHM,Cambodia,2015,1547.320104443935,68.67
KHM,Cambodia,2016,1675.1955571110864,68.91
KHM,Cambodia,2017,1826.353916887541,69.13
KHM,Cambodia,2018,2036.6737756657817,69.36
KHM,Cambodia,2019,2225.877054856862,69.56
KHM,Cambodia,2020,2081.7391424293914,69.84
KHM,Cambodia,2021,2167.403241984992,68.92
KIR,Kiribati,2015,1639.8527474065236,61.69
KIR,Kiribati,2016,1742.667993241167,61.76
KIR,Kiribati,2017,1854.332692096698,61.82
KIR,Kiribati,2018,1915.5600258199102,60.75
KIR,Kiribati,2019,1750.24040333237,62.14
KIR,Kiribati,2020,1751.8719954227195,61.88
KIR,Kiribati,2021,2223.541478664645,60.87
KNA,St. Kitts and Nevis,2015,20328.800353010858,
KNA,St. Kitts and Nevis,2016,21387.541551110324,
KNA,St. Kitts and Nevis,2017,22464.989963395914,
KNA,St. Kitts and Nevis,2018,22901.38164031969,
KNA,St. Kitts and Nevis,2019,23595.49232312906,
KNA,St. Kitts and Nevis,2020,18859.019036104593,
KNA,St. Kitts and Nevis,2021,18361.144969788555,
KOR,Republic of Korea,2015,30171.790654522236,82.4
KOR,Republic of Korea,2016,30832.062807251597,82.73
KOR,Republic of Korea,2017,33296.98454391951,83.09
KOR,Republic of Korea,2018,35363.95082286868,83.15
KOR,Republic of Korea,2019,33826.94433015971,83.69
KOR,Republic of Korea,2020,33645.77195450733,83.8
KOR,Republic of Korea,2021,37518.46353056967,83.8
KWT,Kuwait,2015,29882.212649569756,81.45
KWT,Kuwait,2016,27323.689073551704,82.55
KWT,Kuwait,2017,29047.653613570285,82.62
KWT,Kuwait,2018,32067.9623756889,82.94
KWT,Kuwait,2019,31707.87374435514,82.5
KWT,Kuwait,2020,25236.075584894115,78.77
KWT,Kuwait,2021,34018.63425929132,78.95
LAO,Lao People's Democratic Republic,2015,2121.013390973629,66.87
LAO,Lao People's Democratic Republic,2016,2303.2215603536265,67.33
LAO,Lao People's Democratic Republic,2017,2432.4305947851135,67.72
LAO,Lao People's Democratic Republic,2018,2545.1075420815,68.05
LAO,Lao People's Democratic Republic,2019,2589.3208103523716,68.36
LAO,Lao People's Democratic Republic,2020,2583.7773069613104,68.74
LAO,Lao People's Democratic Republic,2021,2526.0510501852928,68.23
LBN,Lebanon,2015,7714.109999880404,78.44
LBN,Lebanon,2016,8089.012088155,78.82
LBN,Lebanon,2017,8608.21084982387,79.03
LBN,Lebanon,2018,9174.536662047589,79.37
LBN,Lebanon,2019,8905.880054974366,79.29
LBN,Lebanon,2020,5561.19166950397,77.7
LBN,Lebanon,2021,4045.3739106623375,74.34
LBR,Liberia,2015,692.590082351257,60.38
LBR,Liberia,2016,714.6130631456588,62.21
LBR,Liberia,2017,699.2690957274035,62.63
LBR,Liberia,2018,692.2031271297944,63.09
LBR,Liberia,2019,658.1641807705065,63.44
LBR,Liberia,2020,616.787867006715,63.46
LBR,Liberia,2021,667.9661051431905,63.46
LBY,Libya,2015,7458.489177563744,72.65
LBY,Libya,2016,7525.8029930821585,72.64
LBY,Libya,2017,9965.832367297568,73.15
LBY,Libya,2018,11196.585481084374,73.53
LBY,Libya,2019,9963.194890844828,73.54
LBY,Libya,2020,6650.338105853479,72.65
LBY,Libya,2021,4935.827873498015,72.18
LCA,Saint Lucia,2015,10334.986082391815,76.39
LCA,Saint Lucia,2016,10638.12693966526,76.2
LCA,Saint Lucia,2017,11333.112382210158,76.14
LCA,Saint Lucia,2018,11642.69847277694,76.11
LCA,Saint Lucia,2019,11764.394403240294,76.12
LCA,Saint Lucia,2020,8537.114955067269,75.63
LCA,Saint Lucia,2021,10481.12339717856,71.11
LIE,Liechtenstein,2015,167187.15730982038,
LIE,Liechtenstein,2016,165375.4913962594,
LIE,Liechtenstein,2017,170547.092298954,
LIE,Liechtenstein,2018,174988.77508344554,
LIE,Liechtenstein,2019,166907.83930501563,
LIE,Liechtenstein,2020,164671.0935534544,
LIE,Liechtenstein,2021,201944.83033507594,
LKA,Sri Lanka,2015,4057.7158271652147,76.45
LKA,Sri Lanka,2016,4149.191893918787,76.77
LKA,Sri Lanka,2017,4398.888287860588,76.91
LKA,Sri Lanka,2018,4358.560959058883,77.18
LKA,Sri Lanka,2019,4081.9477217813424,77.45
LKA,Sri Lanka,2020,3847.601367411821,80.66
LKA,Sri Lanka,2021,3996.962405316879,77.23
LSO,Lesotho,2015,1121.1985134251822,48.84
LSO,Lesotho,2016,992.4918406784651,49.95
LSO,Lesotho,2017,1069.366732475424,51.05
LSO,Lesotho,2018,1170.6556970281936,51.6
LSO,Lesotho,2019,1082.0570677751584,51.78
LSO,Lesotho,2020,918.5825747044473,51.85
LSO,Lesotho,2021,1066.5864514382265,51.48
LTU,Lithuania,2015,14269.803987828654,74.37
LTU,Lithuania,2016,14934.270284042841,74.7
LTU,Lithuania,2017,16800.151024609866,75.49
LTU,Lithuania,2018,19247.231536796684,75.75
LTU,Lithuania,2019,19608.794394555272,76.25
LTU,Lithuania,2020,20428.647815739412,74.9
LTU,Lithuania,2021,23882.866891675312,74.13
LUX,Luxembourg,2015,105462.01258442263,82.38
LUX,Luxembourg,2016,106899.29354955172,82.56
LUX,Luxembourg,2017,110193.21379722781,82.7
LUX,Luxembourg,2018,116926.75959390485,82.82
LUX,Luxembourg,2019,112696.649059674,82.8
LUX,Luxembourg,2020,116860.02817235976,82.83
LUX,Luxembourg,2021,134965.81544215154,82.78
LVA,Latvia,2015,13321.975314061563,74.81
LVA,Latvia,2016,13838.526682327232,74.95
LVA,Latvia,2017,15132.495833398172,74.96
LVA,Latvia,2018,17252.171042862567,75.05
LVA,Latvia,2019,17294.975160096918,75.68
LVA,Latvia,2020,17564.232154935427,75.5
LVA,Latvia,2021,20261.888778891633,73.2
MAC,"Macao SAR, China",2015,69902.96057412325,
MAC,"Macao SAR, China",2016,68911.67559196283,
MAC,"Macao SAR, China",2017,77570.98761669769,
MAC,"Macao SAR, China",2018,83588.28750090144,
MAC,"Macao SAR, China",2019,81882.69645238694,
MAC,"Macao SAR, China",2020,36883.66525785429,
MAC,"Macao SAR, China",2021,44884.89616023926,
MAF,MAF,2015,,
MAF,MAF,2016,,
MAF,MAF,2017,,
MAF,MAF,2018,,
MAF,St. Martin (French part),2019,19033.06496348889,
MAF,MAF,2020,,
MAF,St. Martin (French part),2021,21668.377652532254,
MAR,Morocco,2015,3146.24780273438,73.26
MAR,Morocco,2016,3140.85546875,73.41
MAR,Morocco,2017,3296.52661132813,73.53
MAR,Morocco,2018,3501.69799804688,73.61
MAR,Morocco,2019,3508.09765625,73.75
MAR,Morocco,2020,3268.0302734375,72.51
MAR,Morocco,2021,3785.93627929688,72.62
MCO,Monaco,2015,170437.0211286285,
MCO,Monaco,2016,173604.66972312581,
MCO,Monaco,2017,170663.470051177,
MCO,Monaco,2018,188298.3896941907,
MCO,Monaco,2019,193746.7298908854,
MCO,Monaco,2020,176891.80632896555,
MCO,Monaco,2021,223823.32719246365,
MDA,Republic of Moldova,2015,2749.5513705433796,71.15
MDA,Republic of Moldova,2016,2847.087947704789,71.85
MDA,Republic of Moldova,2017,3453.267277202941,72.86
MDA,Republic of Moldova,2018,4156.449819566462,72.9
MDA,Republic of Moldova,2019,4405.334181621547,73.32
MDA,Republic of Moldova,2020,4375.778893052403,72.15
MDA,Republic of Moldova,2021,5274.605821953523,69.56
MDG,Madagascar,2015,445.32006948056755,63.36
MDG,Madagascar,2016,453.97071452246337,63.47
MDG,Madagascar,2017,491.8668487189288,63.58
MDG,Madagascar,2018,500.4571855291595,63.71
MDG,Madagascar,2019,499.8188376225341,63.82
MDG,Madagascar,2020,450.7716152051568,63.08
MDG,Madagascar,2021,483.46946335119475,62.93
MDV,Maldives,2015,9644.906550281454,77.25
MDV,Maldives,2016,9947.807447317393,77.72
MDV,Maldives,2017,10509.628805811957,78.17
MDV,Maldives,2018,11423.283842702867,78.68
MDV,Maldives,2019,11740.272402978468,75.45
MDV,Maldives,2020,7393.888654393296,76.19
MDV,Maldives,2021,10176.143882547023,75.4
MEX,Mexico,2015,10021.238611361561,75.94
MEX,Mexico,2016,9097.923976747688,75.76
MEX,Mexico,2017,9649.278167295855,75.87
MEX,Mexico,2018,10084.79375703637,75.92
MEX,Mexico,2019,10369.555359352678,75.83
MEX,Mexico,2020,8841.270749297508,70.95
MEX,Mexico,2021,10314.050673370797,70.83
MHL,Marshall Islands,2015,3764.344262295082,
MHL,Marshall Islands,2016,4229.809889119453,
MHL,Marshall Islands,2017,4592.834576285757,
MHL,Marshall Islands,2018,4858.120790548747,
MHL,Marshall Islands,2019,5292.339855023065,
MHL,Marshall Islands,2020,5661.96787336674,
MHL,Marshall Islands,2021,6315.311721903933,
MKD,North Macedonia,2015,5262.686719286744,75.34
MKD,North Macedonia,2016,5598.486226179673,75.56
MKD,North Macedonia,2017,5955.297386345096,75.98
MKD,North Macedonia,2018,6713.9892539898865,76.46
MKD,North Macedonia,2019,6718.858266354576,76.15
MKD,North Macedonia,2020,6659.596510707756,74.37
MKD,North Macedonia,2021,7620.802969775082,73.0
MLI,Mali,2015,838.1198694010295,60.12
MLI,Mali,2016,872.4685871716532,60.64
MLI,Mali,2017,924.0575316922835,61.02
MLI,Mali,2018,996.3792921369012,61.32
MLI,Mali,2019,971.9493186380917,61.83
MLI,Mali,2020,953.2429432909743,61.47
MLI,Mali,2021,1027.2734536535686,61.67
MLT,Malta,2015,25529.669321067322,81.68
MLT,Malta,2016,26459.064428536913,81.88
MLT,Malta,2017,30317.261176987464,82.06
MLT,Malta,2018,33382.28078110304,82.26
MLT,Malta,2019,32421.90874711857,82.15
MLT,Malta,2020,31823.42200172396,82.01
MLT,Malta,2021,38078.006427906665,81.81
MMR,Myanmar,2015,1166.7330554633684,67.43
MMR,Myanmar,2016,1229.1971351589325,67.86
MMR,Myanmar,2017,1272.8224183060327,67.95
MMR,Myanmar,2018,1298.2131032078464,68.56
MMR,Myanmar,2019,1425.9895421190286,68.81
MMR,Myanmar,2020,1490.2168354836733,68.87
MMR,Myanmar,2021,1242.7213441959868,67.85
MNE,Montenegro,2015,6421.000057314188,76.86
MNE,Montenegro,2016,6968.0120288365115,77.06
MNE,Montenegro,2017,7674.285657121897,77.15
MNE,Montenegro,2018,8673.594690698583,77.22
MNE,Montenegro,2019,8749.256297346757,76.84
MNE,Montenegro,2020,7555.486990363213,75.48
MNE,Montenegro,2021,9315.864356431417,74.71
MNG,Mongolia,2015,3838.921269899843,69.25
MNG,Mongolia,2016,3619.9002638379216,69.64
MNG,Mongolia,2017,3645.9670866955144,70.1
MNG,Mongolia,2018,4107.6428852846775,70.48
MNG,Mongolia,2019,4347.54610314873,70.75
MNG,Mongolia,2020,4001.251930777028,72.71
MNG,Mongolia,2021,4517.61578018785,70.1
MNP,Northern Mariana Islands,2015,17665.100749310866,
MNP,Northern Mariana Islands,2016,24225.474169341975,
MNP,Northern Mariana Islands,2017,31225.6049960968,
MNP,Northern Mariana Islands,2018,26509.362837989283,
MNP,Northern Mariana Islands,2019,24496.6652122421,
MNP,Northern Mariana Islands,2020,18220.83824272008,
MNP,Northern Mariana Islands,2021,19455.50139423998,
MOZ,Mozambique,2015,610.5637747065892,55.86
MOZ,Mozambique,2016,441.4897348190715,56.63
MOZ,Mozambique,2017,470.9385630519602,57.33
MOZ,Mozambique,2018,517.5072602581007,57.94
MOZ,Mozambique,2019,519.0925509136196,58.51
MOZ,Mozambique,2020,462.4338764799215,58.63
MOZ,Mozambique,2021,509.90782947555147,57.66
MRT,Mauritania,2015,1558.8420547341607,69.45
MRT,Mauritania,2016,1568.00551190332,69.66
MRT,Mauritania,2017,1617.9340154226659,69.81
MRT,Mauritania,2018,1723.378094426555,70.0
MRT,Mauritania,2019,1767.0727106209977,70.18
MRT,Mauritania,2020,1795.7243732442291,68.93
MRT,Mauritania,2021,1947.4741390720915,68.87
MUS,Mauritius,2015,9630.543783750698,74.13
MUS,Mauritius,2016,10095.122557415598,74.16
MUS,Mauritius,2017,10986.70340930054,74.12
MUS,Mauritius,2018,11818.748061927197,74.03
MUS,Mauritius,2019,11568.253339982366,74.06
MUS,Mauritius,2020,9135.84773751062,73.57
MUS,Mauritius,2021,9177.711959730133,73.42
MWI,Malawi,2015,539.605363240686,61.83
MWI,Malawi,2016,450.50610551071867,62.2
MWI,Malawi,2017,495.76968336716527,62.55
MWI,Malawi,2018,533.2025671893307,62.92
MWI,Malawi,2019,580.8891397624755,63.23
MWI,Malawi,2020,602.5074781761056,63.46
MWI,Malawi,2021,617.4469944510071,62.49
MYS,Malaysia,2015,9648.679793752302,74.28
MYS,Malaysia,2016,9476.534098099228,74.42
MYS,Malaysia,2017,9862.548066122346,74.4
MYS,Malaysia,2018,10901.80199544212,74.53
MYS,Malaysia,2019,10920.191763972032,74.68
MYS,Malaysia,2020,9957.526266976134,76.79
MYS,Malaysia,2021,10903.103748077187,72.81
NAM,Namibia,2015,4774.106508657753,61.86
NAM,Namibia,2016,4395.687761623764,62.06
NAM,Namibia,2017,5143.960723230756,62.37
NAM,Namibia,2018,5308.608134087051,62.83
NAM,Namibia,2019,4731.921031883102,63.49
NAM,Namibia,2020,3878.589829939662,63.75
NAM,Namibia,2021,4412.835569305204,60.36
NCL,New Caledonia,2015,30858.723706053293,
NCL,New Caledonia,2016,30782.854443351425,
NCL,New Caledonia,2017,32354.710283290082,
NCL,New Caledonia,2018,34902.896878003085,
NCL,New Caledonia,2019,33411.33588356718,
NCL,New Caledonia,2020,33270.33059763696,
NCL,New Caledonia,2021,35311.5543551452,
NER,Niger,2015,485.6625741752788,59.63
NER,Niger,2016,499.910520068193,59.84
NER,Niger,2017,529.9294189348683,60.23
NER,Niger,2018,576.9275364154623,60.44
NER,Niger,2019,541.2658198702726,60.57
NER,Niger,2020,575.4513403069149,60.39
NER,Niger,2021,609.5857036701374,59.97
NGA,Nigeria,2015,2585.733606717974,61.73
NGA,Nigeria,2016,2070.412733959496,62.05
NGA,Nigeria,2017,1876.3402711177298,62.36
NGA,Nigeria,2018,2057.8794455401057,62.69
NGA,Nigeria,2019,3189.812864961828,63.07
NGA,Nigeria,2020,2797.1845806789993,62.84
NGA,Nigeria,2021,2787.487792209909,63.4
NIC,Nicaragua,2015,2074.4562063473063,78.26
NIC,Nicaragua,2016,2131.6870482832232,77.93
NIC,Nicaragua,2017,2182.61380995674,78.51
NIC,Nicaragua,2018,2035.165493905072,78.45
NIC,Nicaragua,2019,1958.6205152809537,78.87
NIC,Nicaragua,2020,1938.4470475438154,75.04
NIC,Nicaragua,2021,2138.3857387823655,75.03
NLD,Netherlands (Kingdom of the),2015,45793.81354346971,81.28
NLD,Netherlands (Kingdom of the),2016,46808.52914925029,81.34
NLD,Netherlands (Kingdom of the),2017,49513.6817346384,81.53
NLD,Netherlands (Kingdom of the),2018,53955.07700242659,81.9
NLD,Netherlands (Kingdom of the),2019,53554.900749147506,82.34
NLD,Netherlands (Kingdom of the),2020,53467.92774137373,81.4
NLD,Netherlands (Kingdom of the),2021,60141.98809114923,81.12
NOR,Norway,2015,77220.95243114144,81.99
NOR,Norway,2016,73222.40068649051,82.11
NOR,Norway,2017,78771.21512645541,82.33
NOR,Norway,2018,85579.07764554942,82.44
NOR,Norway,2019,79329.30751900119,82.66
NOR,Norway,2020,71057.58794713985,82.84
NOR,Norway,2021,96442.55521730016,82.88
NPL,Nepal,2015,875.5436354748624,69.78
NPL,Nepal,2016,877.2564546967368,70.59
NPL,Nepal,2017,1034.2837490684637,70.84
NPL,Nepal,2018,1179.1984319038922,71.1
NPL,Nepal,2019,1203.142947064013,71.36
NPL,Nepal,2020,1154.215175783182,70.99
NPL,Nepal,2021,1252.7507673198581,70.05
NRU,Naoero,2015,7747.2558499360675,
NRU,Naoero,2016,8748.156326054284,
NRU,Naoero,2017,9656.979765714845,
NRU,Naoero,2018,11413.746301638905,
NRU,Naoero,2019,10801.770565963465,
NRU,Naoero,2020,10709.068810537998,
NRU,Naoero,2021,12748.170124935346,
NZL,New Zealand,2015,38648.73025621088,81.31
NZL,New Zealand,2016,40088.32054704985,81.73
NZL,New Zealand,2017,42912.15370021475,81.16
NZL,New Zealand,2018,43204.13051248722,81.76
NZL,New Zealand,2019,42872.26812434269,81.81
NZL,New Zealand,2020,42054.674313658645,82.5
NZL,New Zealand,2021,49902.15434603199,82.2
OMN,Oman,2015,18808.30779218389,73.77
OMN,Oman,2016,17110.189746054482,73.72
OMN,Oman,2017,17820.066180933452,74.15
OMN,Oman,2018,19901.76156420162,74.96
OMN,Oman,2019,19180.186415280146,75.29
OMN,Oman,2020,16784.86306300576,73.89
OMN,Oman,2021,19403.460016021098,72.48
PAK,Pakistan,2015,1380.4702083831723,65.7
PAK,Pakistan,2016,1424.6916119589737,66.05
PAK,Pakistan,2017,1519.2345951424784,66.38
PAK,Pakistan,2018,1569.3381462635487,66.74
PAK,Pakistan,2019,1390.416909817447,67.03
PAK,Pakistan,2020,1278.3973520689553,65.85
PAK,Pakistan,2021,1455.3192237018598,65.99
PAN,Panama,2015,14082.654850272787,78.14
PAN,Panama,2016,14832.361160819104,78.24
PAN,Panama,2017,15694.629745429473,78.33
PAN,Panama,2018,16151.327347847577,78.65
PAN,Panama,2019,16477.90662856873,78.97
PAN,Panama,2020,13290.560834759406,77.35
PAN,Panama,2021,15509.80691097838,77.24
PER,Peru,2015,6231.711503388939,80.34
PER,Peru,2016,6217.03599995447,80.16
PER,Peru,2017,6736.16693725487,79.36
PER,Peru,2018,6978.491215486268,78.99
PER,Peru,2019,7037.008036926039,78.29
PER,Peru,2020,6133.3255241018305,72.78
PER,Peru,2021,6828.534225356381,71.67
PHL,Philippines,2015,2909.8581801030064,69.52
PHL,Philippines,2016,2985.195640240464,69.25
PHL,Philippines,2017,3038.1212495928917,69.64
PHL,Philippines,2018,3168.5103660972686,69.68
PHL,Philippines,2019,3400.789497670743,69.43
PHL,Philippines,2020,3227.579102351993,69.64
PHL,Philippines,2021,3484.3859388281885,66.41
PLW,Palau,2015,15938.36522228475,
PLW,Palau,2016,17043.666067314716,
PLW,Palau,2017,16280.241199752976,
PLW,Palau,2018,16179.877834848996,
PLW,Palau,2019,15841.89234745477,
PLW,Palau,2020,14556.309542209983,
PLW,Palau,2021,13267.487734071867,
PNG,Papua New Guinea,2015,2484.5963398603,66.0
PNG,Papua New Guinea,2016,2316.3947975849233,66.19
PNG,Papua New Guinea,2017,2477.765309863235,66.39
PNG,Papua New Guinea,2018,2566.3683373504064,66.52
PNG,Papua New Guinea,2019,2575.772741403927,66.67
PNG,Papua New Guinea,2020,2429.611345852686,66.27
PNG,Papua New Guinea,2021,2607.977699731607,65.49
POL,Poland,2015,12637.522032440615,77.28
POL,Poland,2016,12464.012104482732,77.67
POL,Poland,2017,13913.341519012441,77.56
POL,Poland,2018,15658.210586692961,77.56
POL,Poland,2019,15874.522053125382,77.73
POL,Poland,2020,16150.930481347252,76.39
POL,Poland,2021,18635.51048957537,75.4
PRI,Puerto Rico,2015,29242.04146508496,80.51
PRI,Puerto Rico,2016,29978.088926891833,80.24
PRI,Puerto Rico,2017,30328.479490518017,78.43
PRI,Puerto Rico,2018,30679.91819344879,80.72
PRI,Puerto Rico,2019,31830.528499335844,80.5
PRI,Puerto Rico,2020,31427.103499491557,79.93
PRI,Puerto Rico,2021,32618.870510624383,79.9
PRK,Democratic People's Republic of Korea,2015,,71.41
PRK,Democratic People's Republic of Korea,2016,,71.62
PRK,Democratic People's Republic of Korea,2017,,71.92
PRK,Democratic People's Republic of Korea,2018,,72.11
PRK,Democratic People's Republic of Korea,2019,,72.32
PRK,Democratic People's Republic of Korea,2020,,72.38
PRK,Democratic People's Republic of Korea,2021,,72.64
PRT,Portugal,2015,19215.781301434683,80.89
PRT,Portugal,2016,19980.280886651573,80.9
PRT,Portugal,2017,21442.384276887915,81.15
PRT,Portugal,2018,23541.14010752886,81.06
PRT,Portugal,2019,23343.362897003433,81.37
PRT,Portugal,2020,22299.404406217305,80.82
PRT,Portugal,2021,24711.451006211093,81.18
PRY,Paraguay,2015,5879.337923086712,75.17
PRY,Paraguay,2016,5775.159633994601,74.86
PRY,Paraguay,2017,6152.267115377034,75.35
PRY,Paraguay,2018,6258.449916409537,75.22
PRY,Paraguay,2019,5821.181995486371,75.08
PRY,Paraguay,2020,5365.472207211913,75.25
PRY,Paraguay,2021,5974.905718586305,70.27
PSE,"occupied Palestinian territory, including east Jerusalem",2015,3272.1543236070793,74.56
PSE,"occupied Palestinian territory, including east Jerusalem",2016,3527.6138241317785,74.99
PSE,"occupied Palestinian territory, including east Jerusalem",2017,3620.3604871593707,75.45
PSE,"occupied Palestinian territory, including east Jerusalem",2018,3562.3309427025574,75.71
PSE,"occupied Palestinian territory, including east Jerusalem",2019,3656.858271370109,75.83
PSE,"occupied Palestinian territory, including east Jerusalem",2020,3233.5686383585844,75.13
PSE,"occupied Palestinian territory, including east Jerusalem",2021,3678.63565662194,73.49
PYF,French Polynesia,2015,19166.959476193068,
PYF,French Polynesia,2016,19690.077573458868,
PYF,French Polynesia,2017,20826.93124921722,
PYF,French Polynesia,2018,21925.616043938026,
PYF,French Polynesia,2019,21582.58920468011,
PYF,French Polynesia,2020,19966.48385038589,
PYF,French Polynesia,2021,21426.385444983494,
QAT,Qatar,2015,68985.29469615073,77.79
QAT,Qatar,2016,61253.63754827974,78.22
QAT,Qatar,2017,63279.855694933154,78.51
QAT,Qatar,2018,71039.8490579352,78.63
QAT,Qatar,2019,66841.30134849194,78.9
QAT,Qatar,2020,51683.50543766771,77.28
QAT,Qatar,2021,71751.88312571691,76.71
ROU,Romania,2015,8977.017481581965,74.91
ROU,Romania,2016,9404.540058707149,75.08
ROU,Romania,2017,10727.982200742588,75.11
ROU,Romania,2018,12416.134317958962,75.12
ROU,Romania,2019,12909.610401324388,75.46
ROU,Romania,2020,13009.152534839624,74.1
ROU,Romania,2021,14908.041281392116,72.76
RUS,Russian Federation,2015,9277.7138671875,71.3
RUS,Russian Federation,2016,8663.158203125,71.62
RUS,Russian Federation,2017,10658.9130859375,72.5
RUS,Russian Federation,2018,11211.8876953125,72.66
RUS,Russian Federation,2019,11447.701171875,73.22
RUS,Russian Federation,2020,10108.3271484375,71.38
RUS,Russian Federation,2021,12425.029296875,70.02
RWA,Rwanda,2015,725.6914186969522,66.96
RWA,Rwanda,2016,721.2585158330943,67.18
RWA,Rwanda,2017,751.0490395275472,67.43
RWA,Rwanda,2018,772.7549829593539,67.63
RWA,Rwanda,2019,823.3553040653044,67.76
RWA,Rwanda,2020,802.6386869362043,68.26
RWA,Rwanda,2021,842.5814929476722,67.54
SAU,Saudi Arabia,2015,23256.154955353068,76.89
SAU,Saudi Arabia,2016,22267.721705038737,76.75
SAU,Saudi Arabia,2017,23929.290713598155,76.74
SAU,Saudi Arabia,2018,29360.065896856635,76.81
SAU,Saudi Arabia,2019,29566.79338274359,76.93
SAU,Saudi Arabia,2020,24338.830730106733,76.06
SAU,Saudi Arabia,2021,31920.765365564308,76.43
SDN,Sudan,2015,1292.37963867188,68.33
SDN,Sudan,2016,1033.21594238281,68.65
SDN,Sudan,2017,966.505676269531,69.04
SDN,Sudan,2018,731.027465820313,69.25
SDN,Sudan,2019,709.975280761719,69.47
SDN,Sudan,2020,577.795227050781,68.44
SDN,Sudan,2021,712.122009277344,67.59
SEN,Senegal,2015,1218.0061355543774,67.36
SEN,Senegal,2016,1266.439571515872,67.77
SEN,Senegal,2017,1354.7700719338682,68.12
SEN,Senegal,2018,1452.556125624453,68.44
SEN,Senegal,2019,1431.1812893215913,68.76
SEN,Senegal,2020,1461.087203505526,68.56
SEN,Senegal,2021,1598.1067695227428,67.79
SGP,Singapore,2015,55645.60686146057,82.85
SGP,Singapore,2016,57204.03401052223,83.24
SGP,Singapore,2017,61436.132550255774,83.22
SGP,Singapore,2018,67032.82257697343,83.51
SGP,Singapore,2019,66068.70031063778,83.9
SGP,Singapore,2020,61772.50364922556,84.0
SGP,Singapore,2021,80884.85653692365,83.86
SLB,Solomon Islands,2015,2045.477215266493,65.15
SLB,Solomon Islands,2016,2082.6238312421337,65.29
SLB,Solomon Islands,2017,2143.5767048927164,65.41
SLB,Solomon Islands,2018,2278.19908624102,65.55
SLB,Solomon Islands,2019,2223.658909424658,65.67
SLB,Solomon Islands,2020,2063.3278099196723,65.39
SLB,Solomon Islands,2021,2043.4441317065825,64.79
SLE,Sierra Leone,2015,964.5759808889885,56.89
SLE,Sierra Leone,2016,844.4164111754764,58.75
SLE,Sierra Leone,2017,779.1860078417283,59.16
SLE,Sierra Leone,2018,845.9145404609322,59.87
SLE,Sierra Leone,2019,843.7125173041702,60.4
SLE,Sierra Leone,2020,845.2775582361819,60.52
SLE,Sierra Leone,2021,885.3964016137294,61.02
SLV,El Salvador,2015,3790.3408910816156,72.73
SLV,El Salvador,2016,3901.3401496581087,73.59
SLV,El Salvador,2017,4020.1267137391883,73.72
SLV,El Salvador,2018,4183.546209713581,74.65
SLV,El Salvador,2019,4320.116715346275,74.28
SLV,El Salvador,2020,3997.192795837087,72.06
SLV,El Salvador,2021,4642.607431013421,71.67
SMR,San Marino,2015,43146.80353020054,
SMR,San Marino,2016,44359.45742069707,
SMR,San Marino,2017,45192.053004759866,
SMR,San Marino,2018,47950.70762968084,
SMR,San Marino,2019,46626.99985715676,
SMR,San Marino,2020,44426.62596136715,
SMR,San Marino,2021,54168.97443111931,
SOM,Somalia,2015,445.583080073396,53.54
SOM,Somalia,2016,460.928490585175,53.94
SOM,Somalia,2017,510.93995231772567,54.18
SOM,Somalia,2018,509.49727380453385,54.67
SOM,Somalia,2019,539.9548162116943,55.21
SOM,Somalia,2020,518.1611333387503,55.13
SOM,Somalia,2021,549.0569947562539,53.95
SRB,Serbia,2015,5820.321557688796,75.28
SRB,Serbia,2016,5982.370301264708,75.68
SRB,Serbia,2017,6548.036538241869,75.57
SRB,Serbia,2018,7559.861657473944,75.88
SRB,Serbia,2019,7755.632986436999,75.92
SRB,Serbia,2020,8098.7095566884855,74.43
SRB,Serbia,2021,9680.527980744677,72.81
SSD,South Sudan,2015,1080.1471862476544,59.28
SSD,South Sudan,2016,,59.19
SSD,South Sudan,2017,,58.88
SSD,South Sudan,2018,,58.86
SSD,South Sudan,2019,,59.0
SSD,South Sudan,2020,,58.95
SSD,South Sudan,2021,,58.57
STP,Sao Tome and Principe,2015,1298.1094659639627,70.56
STP,Sao Tome and Principe,2016,1434.8701805052076,70.9
STP,Sao Tome and Principe,2017,1555.794778128885,71.26
STP,Sao Tome and Principe,2018,1825.5997175396567,71.44
STP,Sao Tome and Principe,2019,1935.2931816595997,71.66
STP,Sao Tome and Principe,2020,2167.220017969252,71.25
STP,Sao Tome and Principe,2021,2362.5882724810217,71.18
SUR,Suriname,2015,8813.61705392067,72.98
SUR,Suriname,2016,5644.2061057531955,73.09
SUR,Suriname,2017,6049.521285536751,73.21
SUR,Suriname,2018,6665.741804722391,73.09
SUR,Suriname,2019,6629.667752486033,73.02
SUR,Suriname,2020,4755.392217106932,72.8
SUR,Suriname,2021,5029.848385439529,69.78
SVK,Slovakia,2015,16442.07608600175,76.6
SVK,Slovakia,2016,16636.076913307334,77.15
SVK,Slovakia,2017,17645.529871676117,77.09
SVK,Slovakia,2018,19573.37170313141,77.2
SVK,Slovakia,2019,19406.058968358197,77.61
SVK,Slovakia,2020,19735.485828080054,76.87
SVK,Slovakia,2021,22123.334211454523,74.51
SVN,Slovenia,2015,20697.27485306189,80.46
SVN,Slovenia,2016,21447.83777960361,80.82
SVN,Slovenia,2017,23303.07770595903,80.79
SVN,Slovenia,2018,25888.04810656553,80.96
SVN,Slovenia,2019,25814.168716757213,81.29
SVN,Slovenia,2020,25392.06510936123,80.34
SVN,Slovenia,2021,29192.840193301865,80.41
SWE,Sweden,2015,51188.165212049265,81.74
SWE,Sweden,2016,51703.508833285116,82.01
SWE,Sweden,2017,53210.22333189649,82.08
SWE,Sweden,2018,54018.45543918606,82.2
SWE,Sweden,2019,51648.98928205141,82.71
SWE,Sweden,2020,52568.57269801464,82.08
SWE,Sweden,2021,60647.54163653466,82.66
SWZ,Eswatini,2015,3419.822765595284,52.11
SWZ,Eswatini,2016,3238.176119613639,53.13
SWZ,Eswatini,2017,3853.099565696787,53.81
SWZ,Eswatini,2018,3972.6545062035666,54.74
SWZ,Eswatini,2019,3913.1457754733624,55.75
SWZ,Eswatini,2020,3466.5693627814517,55.97
SWZ,Eswatini,2021,3984.002291743063,54.59
SXM,Sint Maarten (Dutch part),2015,37839.62838151634,
SXM,Sint Maarten (Dutch part),2016,37308.614779573596,
SXM,Sint Maarten (Dutch part),2017,34701.30584944681,
SXM,Sint Maarten (Dutch part),2018,31708.311012474172,
SXM,Sint Maarten (Dutch part),2019,34861.46952896804,
SXM,Sint Maarten (Dutch part),2020,30150.899838047677,
SXM,Sint Maarten (Dutch part),2021,32548.43668549022,
SYC,Seychelles,2015,15333.105172710513,73.16
SYC,Seychelles,2016,16566.994604229385,73.07
SYC,Seychelles,2017,17480.365191137193,73.09
SYC,Seychelles,2018,18440.234046093155,73.08
SYC,Seychelles,2019,19141.5118743615,73.12
SYC,Seychelles,2020,14041.47540745751,77.26
SYC,Seychelles,2021,14982.911148776711,74.01
SYR,Syrian Arab Republic,2015,847.7315453525824,60.01
SYR,Syrian Arab Republic,2016,656.3490175209516,60.12
SYR,Syrian Arab Republic,2017,851.5019726463855,59.24
SYR,Syrian Arab Republic,2018,1098.0666793502287,64.3
SYR,Syrian Arab Republic,2019,1109.539338214638,69.17
SYR,Syrian Arab Republic,2020,593.9117718225275,72.0
SYR,Syrian Arab Republic,2021,688.5661097269341,72.44
TCA,Turks and Caicos Islands,2015,29457.01406911624,
TCA,Turks and Caicos Islands,2016,31373.561268432728,
TCA,Turks and Caicos Islands,2017,30014.230952321297,
TCA,Turks and Caicos Islands,2018,31625.616593277027,
TCA,Turks and Caicos Islands,2019,31780.521706898948,
TCA,Turks and Caicos Islands,2020,20690.916054611815,
TCA,Turks and Caicos Islands,2021,27329.28850871958,
TCD,Chad,2015,993.9907306108692,57.85
TCD,Chad,2016,861.8317676307461,58.32
TCD,Chad,2017,854.4612004009803,58.61
TCD,Chad,2018,948.6566298712311,58.96
TCD,Chad,2019,893.3364416433249,59.37
TCD,Chad,2020,866.9478148904094,59.21
TCD,Chad,2021,946.3585002083736,59.09
TGO,Togo,2015,813.8946769750845,61.52
TGO,Togo,2016,843.1142043386753,62.01
TGO,Togo,2017,872.0764088457519,62.55
TGO,Togo,2018,942.4807743931542,63.08
TGO,Togo,2019,917.7180167776186,63.65
TGO,Togo,2020,961.219781201934,63.85
TGO,Togo,2021,1076.2952007694862,63.86
THA,Thailand,2015,5688.853353978842,76.97
THA,Thailand,2016,5833.577156170984,77.0
THA,Thailand,2017,6413.091825303433,77.23
THA,Thailand,2018,7099.776500814575,77.15
THA,Thailand,2019,7605.696577977591,76.92
THA,Thailand,2020,6983.034128362446,76.51
THA,Thailand,2021,7055.1876072142195,75.29
TJK,Tajikistan,2015,956.916310930656,72.37
TJK,Tajikistan,2016,788.710481734485,72.72
TJK,Tajikistan,2017,829.4571476495696,73.19
TJK,Tajikistan,2018,834.2884045788009,73.5
TJK,Tajikistan,2019,871.0223729348457,73.81
TJK,Tajikistan,2020,834.3117154606249,70.56
TJK,Tajikistan,2021,896.7480533721822,71.81
TKM,Turkmenistan,2015,5759.497903834004,68.83
TKM,Turkmenistan,2016,5238.008272025456,68.96
TKM,Turkmenistan,2017,5125.549200558081,68.98
TKM,Turkmenistan,2018,3911.985572978647,69.08
TKM,Turkmenistan,2019,4365.1152919541955,69.14
TKM,Turkmenistan,2020,3935.3774936522295,68.47
TKM,Turkmenistan,2021,3713.201131717653,69.12
TLS,Timor-Leste,2015,1319.592973709912,67.84
TLS,Timor-Leste,2016,1335.5439008981432,68.07
TLS,Timor-Leste,2017,1266.177679529409,68.24
TLS,Timor-Leste,2018,1219.4659859760384,68.37
TLS,Timor-Leste,2019,1562.3645888181284,68.5
TLS,Timor-Leste,2020,1630.8693543923207,68.92
TLS,Timor-Leste,2021,2684.9267371729875,68.0
TON,Tonga,2015,4123.903472388129,72.46
TON,Tonga,2016,3987.9861883704275,72.56
TON,Tonga,2017,4365.929297886479,72.72
TON,Tonga,2018,4675.047760479732,72.84
TON,Tonga,2019,4788.833504685837,72.94
TON,Tonga,2020,4792.358724139061,73.19
TON,Tonga,2021,4922.801586404399,72.72
TTO,Trinidad and Tobago,2015,19887.232771649797,74.35
TTO,Trinidad and Tobago,2016,17449.15388019561,73.83
TTO,Trinidad and Tobago,2017,17566.099970065556,74.01
TTO,Trinidad and Tobago,2018,17571.498737277976,74.0
TTO,Trinidad and Tobago,2019,17212.61288921629,74.09
TTO,Trinidad and Tobago,2020,15283.62705315543,73.64
TTO,Trinidad and Tobago,2021,17712.567410465464,71.71
TUN,Tunisia,2015,4014.9477368643215,76.79
TUN,Tunisia,2016,3847.8035444880866,76.91
TUN,Tunisia,2017,3619.0324731995315,77.03
TUN,Tunisia,2018,3628.1036646423577,77.23
TUN,Tunisia,2019,3528.8721330679796,77.51
TUN,Tunisia,2020,3548.6536366380274,77.12
TUN,Tunisia,2021,3906.9392631939077,74.07
TUR,Türkiye,2015,11064.649450466248,76.69
TUR,Türkiye,2016,10984.36431690613,76.67
TUR,Türkiye,2017,10756.387767788297,77.07
TUR,Türkiye,2018,9684.118198847205,77.56
TUR,Türkiye,2019,9395.233780013677,77.62
TUR,Türkiye,2020,8798.11791709313,76.18
TUR,Türkiye,2021,9981.763984113362,75.27
TUV,Tuvalu,2015,3352.6672240018106,
TUV,Tuvalu,2016,3779.1529391628537,
TUV,Tuvalu,2017,4166.791624228182,
TUV,Tuvalu,2018,4467.211440270647,
TUV,Tuvalu,2019,5058.85266607659,
TUV,Tuvalu,2020,5029.571592841728,
TUV,Tuvalu,2021,6042.5198314115505,
TZA,United Republic of Tanzania,2015,939.127319335938,65.16
TZA,United Republic of Tanzania,2016,953.0107421875,65.6
TZA,United Republic of Tanzania,2017,986.674011230469,65.98
TZA,United Republic of Tanzania,2018,1023.10626220703,66.4
TZA,United Republic of Tanzania,2019,1063.32250976563,66.79
TZA,United Republic of Tanzania,2020,1117.41528320313,67.4
TZA,United Republic of Tanzania,2021,1159.85656738281,66.81
UGA,Uganda,2015,862.9346103558107,64.22
UGA,Uganda,2016,752.6965717256556,64.67
UGA,Uganda,2017,765.2183322973606,65.22
UGA,Uganda,2018,792.1657002281404,65.72
UGA,Uganda,2019,822.1711500363574,66.09
UGA,Uganda,2020,845.7664638901235,66.3
UGA,Uganda,2021,882.7917175425043,65.99
UKR,Ukraine,2015,2094.47387695313,72.15
UKR,Ukraine,2016,2158.46118164063,72.63
UKR,Ukraine,2017,2604.28759765625,73.0
UKR,Ukraine,2018,3059.0517578125,72.72
UKR,Ukraine,2019,3619.86157226563,73.0
UKR,Ukraine,2020,3709.76928710938,72.5
UKR,Ukraine,2021,4775.94580078125,70.91
URY,Uruguay,2015,17125.901680029787,77.1
URY,Uruguay,2016,17009.75842072758,76.85
URY,Uruguay,2017,19184.662611427157,77.34
URY,Uruguay,2018,19249.94046775007,77.04
URY,Uruguay,2019,18315.735037743678,77.01
URY,Uruguay,2020,15757.534199035645,77.79
URY,Uruguay,2021,17881.811961675325,74.98
USA,United States of America,2015,56849.46979231594,78.61
USA,United States of America,2016,57976.62820429104,78.56
USA,United States of America,2017,60047.71907283069,78.5
USA,United States of America,2018,62875.66613827284,78.63
USA,United States of America,2019,65227.95659110383,78.74
USA,United States of America,2020,64465.297141574825,76.89
USA,United States of America,2021,71441.23198059468,76.37
UZB,Uzbekistan,2015,3172.8989939108315,69.43
UZB,Uzbekistan,2016,3128.4230717009887,69.96
UZB,Uzbekistan,2017,2271.4730109510992,70.4
UZB,Uzbekistan,2018,1894.0908874140791,71.47
UZB,Uzbekistan,2019,2128.660671383342,72.27
UZB,Uzbekistan,2020,2087.9637471179203,71.36
UZB,Uzbekistan,2021,2370.3648055566923,72.19
VCT,Saint Vincent and the Grenadines,2015,7353.7355605418425,72.79
VCT,Saint Vincent and the Grenadines,2016,7656.900428811777,72.98
VCT,Saint Vincent and the Grenadines,2017,7988.044450192978,73.09
VCT,Saint Vincent and the Grenadines,2018,8428.126771530695,73.18
VCT,Saint Vincent and the Grenadines,2019,8740.594252320614,73.11
VCT,Saint Vincent and the Grenadines,2020,8351.203240409815,72.75
VCT,Saint Vincent and the Grenadines,2021,8641.279040244432,72.56
VEN,Venezuela (Bolivarian Republic of),2015,4096.619891374734,73.94
VEN,Venezuela (Bolivarian Republic of),2016,3671.2300409338336,72.39
VEN,Venezuela (Bolivarian Republic of),2017,3791.6326204957645,72.98
VEN,Venezuela (Bolivarian Republic of),2018,3421.513416075931,72.82
VEN,Venezuela (Bolivarian Republic of),2019,2523.1152754957848,72.71
VEN,Venezuela (Bolivarian Republic of),2020,1506.04169391285,72.4
VEN,Venezuela (Bolivarian Republic of),2021,2004.9357292113582,71.22
VGB,VGB,2015,,
VGB,VGB,2016,,
VGB,VGB,2017,,
VGB,VGB,2018,,
VGB,VGB,2019,,
VGB,VGB,2020,,
VGB,VGB,2021,,
VIR,Virgin Islands (U.S.),2015,34007.35294117647,
VIR,Virgin Islands (U.S.),2016,35324.97488745861,
VIR,Virgin Islands (U.S.),2017,35365.069303977405,
VIR,Virgin Islands (U.S.),2018,36663.20875505837,
VIR,Virgin Islands (U.S.),2019,38633.529891533624,
VIR,Virgin Islands (U.S.),2020,39787.37416502023,
VIR,Virgin Islands (U.S.),2021,42571.07773684707,
VNM,Viet Nam,2015,2577.568853401125,73.03
VNM,Viet Nam,2016,2735.060438041602,73.21
VNM,Viet Nam,2017,2956.1099212775316,73.4
VNM,Viet Nam,2018,3222.3100312536644,73.56
VNM,Viet Nam,2019,3440.9002537543365,73.71
VNM,Viet Nam,2020,3534.0395348264683,74.78
VNM,Viet Nam,2021,3704.193559003796,73.8
VUT,Vanuatu,2015,3214.4194858714127,66.79
VUT,Vanuatu,2016,3339.834364710426,66.92
VUT,Vanuatu,2017,3585.317980812164,66.98
VUT,Vanuatu,2018,3626.1886252247286,67.05
VUT,Vanuatu,2019,3635.6234487818465,67.13
VUT,Vanuatu,2020,3404.3035916762437,67.1
VUT,Vanuatu,2021,3576.1377095436333,66.35
WSM,Samoa,2015,4084.3608381993263,70.02
WSM,Samoa,2016,4147.070976748883,69.92
WSM,Samoa,2017,4307.59381964907,69.99
WSM,Samoa,2018,4231.8140946919375,70.09
WSM,Samoa,2019,4351.942349437056,69.99
WSM,Samoa,2020,4099.596605485832,70.19
WSM,Samoa,2021,4021.5593489428343,70.27
XKX,Kosovo,2015,3520.6268532445147,
XKX,Kosovo,2016,3759.447775253321,
XKX,Kosovo,2017,4009.3202206473197,
XKX,Kosovo,2018,4384.187964405467,
XKX,Kosovo,2019,4415.699274462303,
XKX,Kosovo,2020,4320.583825472882,
XKX,Kosovo,2021,5269.699461814393,
YEM,Yemen,2015,1362.1738120601008,68.25
YEM,Yemen,2016,975.3594170032254,67.69
YEM,Yemen,2017,811.165970405745,67.68
YEM,Yemen,2018,633.8872024515454,66.39
YEM,Yemen,2019,,66.9
YEM,Yemen,2020,,66.51
YEM,Yemen,2021,,65.76
ZAF,South Africa,2015,6112.273824859742,63.26
ZAF,South Africa,2016,5651.205851657492,63.88
ZAF,South Africa,2017,6618.335082557006,64.75
ZAF,South Africa,2018,6914.178031807599,65.32
ZAF,South Africa,2019,6533.711210328561,65.84
ZAF,South Africa,2020,5580.603830751887,64.3
ZAF,South Africa,2021,6828.756245900167,61.5
ZMB,Zambia,2015,1295.877886800678,60.41
ZMB,Zambia,2016,1239.0852787771328,60.96
ZMB,Zambia,2017,1483.4657732806522,61.29
ZMB,Zambia,2018,1463.8999785559306,61.41
ZMB,Zambia,2019,1258.9861984446204,61.76
ZMB,Zambia,2020,951.6443166559574,61.83
ZMB,Zambia,2021,1127.1607787285725,60.97
ZWE,Zimbabwe,2015,1387.1263259502578,57.49
ZWE,Zimbabwe,2016,1408.1394525343117,57.92
ZWE,Zimbabwe,2017,3445.449410201338,58.24
ZWE,Zimbabwe,2018,2270.895318743022,58.7
ZWE,Zimbabwe,2019,2184.521553888009,59.07
ZWE,Zimbabwe,2020,2059.6370402527414,59.4
ZWE,Zimbabwe,2021,2613.6167414057018,58.48
