country_code,country_name,year,uis_adult_literacy_rate,uis_education_expenditure_pct_gdp,uis_education_expenditure_pct_government_expenditure,uis_lower_secondary_attainment_rate_25plus,uis_lower_secondary_completion_rate,uis_out_of_school_rate_lower_secondary_age,uis_out_of_school_rate_primary_age,uis_pre_primary_net_enrolment_rate,uis_primary_completion_rate,uis_pupil_qualified_teacher_ratio_primary,uis_pupil_trained_teacher_ratio_primary,uis_tertiary_gross_enrolment_ratio,uis_upper_secondary_attainment_rate_25plus,uis_upper_secondary_completion_rate,uis_youth_literacy_rate
AFG,Afghanistan,2015,33.75,3.255789995193481,12.50899982452393,13.12580966949463,36.62345123291016,,,,54.48463821411133,,,,9.792360305786133,22.69832038879395,35.81999969482422
AFG,Afghanistan,2016,,4.543960094451904,16.21170043945313,,,,,,,58.64962005615234,,,,,
AFG,Afghanistan,2017,,4.34319019317627,15.66137981414795,16.0005597959488,,,,,,63.12466049194336,,,11.7771822147423,,
AFG,Afghanistan,2018,,,,,,,,,,61.70772171020508,,9.995920181274414,,,
AFG,Afghanistan,2019,,,,,,,,,,60.38653945922852,,,,,
AFG,Afghanistan,2020,36.0149650316607,,,14.4413221582297,,,,,,,,10.85435962677002,11.8347043333891,,53.9721805049471
AFG,Afghanistan,2021,37.27000045776367,,,11.63191986083984,,,,,,,,,9.461310386657715,,55.93000030517578
ALB,Albania,2015,,3.413000106811523,11.17755031585693,88.646190231805,,0.453110009431839,0.1757774316032899,73.37628241376525,,24.66557548775697,,61.96084854810508,48.1863617042111,,
ALB,Albania,2016,,3.919970035552979,13.59696006774902,89.3892642763519,,0.7102400064468384,0.1161278973541249,76.79102146908593,,22.66649835900025,,58.48847919011894,46.9844844692678,,
ALB,Albania,2017,98.80999755859375,3.546730041503906,12.38521003723145,90.2046509794936,93.55213165283203,4.994349956512451,0.6870004212935716,77.39301829969885,95.4015884399414,21.33186920448999,,58.01778366749286,46.35334014892578,60.51953125,99.0199966430664
ALB,Albania,2018,,3.082013704073892,10.88173224365852,90.2688350163581,,1.20904085884402,1.367461723182972,75.53486820808114,,21.01611316113161,,56.08029641099375,49.8858232395536,,
ALB,Albania,2019,,3.870179891586304,13.43340015411377,90.7103196946053,,2.058771401226472,2.194854429261102,45.2658324462209,,19.39236393176279,,61.40851415271417,50.7128654950488,,
ALB,Albania,2020,,3.325050115585327,10.26743030548096,91.9102782676077,,2.793325079878126,3.967659950256348,46.19284544652979,,19.8640372366487,,61.58530243288988,51.0498413335601,,
ALB,Albania,2021,,3.005559921264648,9.40900993347168,91.8594948155496,,2.6330679506513,6.665237366003063,74.91001716595603,,20.24106230847804,26.35544472152951,59.96986901255619,51.8425099304159,,
CHN,China,2015,,,,,,,,,,16.84587233862574,,47.11926193307257,,,
CHN,China,2016,,,,,90.58,,,,96.36,17.11939808192529,,49.30907737559703,,61.23,
CHN,China,2017,,,,,,,,,,17.19573108740568,,51.06788122734075,,,
CHN,China,2018,,,,,90.26860809326172,,,,97.75927734375,17.01578876869917,,53.39879845728142,,74.99413299560547,
CHN,China,2019,,,,,,,,,,17.01018317598638,,56.60509179232918,,,
CHN,China,2020,96.73999786376953,,,72.40013885498047,95.74000000000001,,,,99.19,16.88545346744066,,61.61246759969473,31.76979064941406,87.52,99.76000213623047
CHN,China,2021,,,,,,,,,,16.70711367447043,,66.81860775975416,,,
GBR,United Kingdom of Great Britain and Northern Ireland,2015,,5.554530143737793,13.48701000213623,,99.95,1.585759997367859,1.450970053672791,96.7912826538086,99.97500000000001,,,56.44612884521484,,84.26,
GBR,United Kingdom of Great Britain and Northern Ireland,2016,,5.42795991897583,13.42720985412598,,99.71,,1.269760012626648,,99.855,,,58.08386993408203,,82.97,
GBR,United Kingdom of Great Britain and Northern Ireland,2017,,5.452549934387207,13.7579402923584,99.74781799316406,99.41,1.283310055732727,0.7758100032806396,,99.705,,,59.62820816040039,77.11173248291016,83.3,
GBR,United Kingdom of Great Britain and Northern Ireland,2018,,5.204380035400391,13.29176044464111,,99.59,1.791829943656921,0.3090099990367889,,99.795,,,61.13777160644531,,82.74000000000001,
GBR,United Kingdom of Great Britain and Northern Ireland,2019,,5.261169910430908,13.53487014770508,,99.59,1.780310034751892,0.0524999983608723,,99.795,,,65.51199340820312,,84.47,
GBR,United Kingdom of Great Britain and Northern Ireland,2020,,5.43936014175415,14.03225994110107,99.80259704589844,,1.128509998321533,0.0262899994850159,,,,,69.40766143798828,79.9111328125,,
GBR,United Kingdom of Great Britain and Northern Ireland,2021,,5.906819820404053,11.81680011749268,99.81484985351562,,1.086490035057068,0.0336199998855591,,,,,76.75435638427734,80.46420288085938,,
IND,India,2015,,4.114560127258301,15.69221973419189,,,,,,,,,27.28456770759782,,,
IND,India,2016,,4.254069805145264,15.72150039672852,42.09841156005859,81.00148010253906,,4.106806475551278,,91.59638214111328,40.02383041381836,50.6688117980957,27.30435738576427,,43.03144073486328,90.29000091552734
IND,India,2017,,4.305439949035645,15.80976963043213,,,,6.03077755187412,,,36.65589141845703,46.89825820922852,27.90905190493345,,,
IND,India,2018,73.6883524760717,4.363749980926514,16.63537979125977,46.1414794921875,,,6.378508526655279,,,,,28.53168652919463,32.34334945678711,,94.6062793409244
IND,India,2019,74.8938629973395,3.897320032119751,14.82382011413574,46.07791137695313,85.7591781616211,,7.372874259089538,,94.15231323242188,30.09518965051718,37.8267224822714,29.0233593907143,,50.63235092163086,94.7674702180886
IND,India,2020,75.5270629470344,4.293350219726563,15.99260997772217,49.31523132324219,,11.01942821730164,4.055847428596003,61.25604459067426,,28.48779719331116,34.02681209362536,29.81963977084244,31.70944976806641,,95.675096052413
IND,India,2021,76.0596617430205,4.629499912261963,14.92459964752197,,,10.02241295922385,2.312761815210539,51.91399097021468,,28.15074177637384,29.33064682442966,31.57417659845009,,,95.8899228556846
PAK,Pakistan,2015,,2.386090040206909,13.18727970123291,34.9926355276846,,,,,,,56.19275667256393,8.435566489041534,25.4954239952493,,
PAK,Pakistan,2016,,2.668050050735474,15.06348037719727,,,,,,,,,8.319739035508784,24.6280665280156,,
PAK,Pakistan,2017,59.13000106811523,2.576179981231689,14.54477977752686,36.4315299987793,,,,,,,,8.622280802604926,27.2532901763916,,74.52999877929688
PAK,Pakistan,2018,57.0099983215332,2.332169496882934,12.19247939863422,35.3885222952078,49.5914192199707,,,,59.66225814819336,,56.54106946043706,8.206830579633806,26.0640049316992,23.43923950195313,71.98999786376953
PAK,Pakistan,2019,58.0,2.214920043945313,11.59167957305908,37.23125839233398,,,,,,,61.9159535709036,11.10363852867799,,24.6584300994873,72.69999694824219
PAK,Pakistan,2020,,2.057182407184226,10.79621215389113,,,,,,,,,11.72459787523137,,,
PAK,Pakistan,2021,58.86000061035156,1.687461292139914,7.817207608930894,38.3531608581543,53.76699066162109,31.88981456117479,30.22688076182362,5.517475845050005,60.06523132324219,,66.88224014810896,12.38100128070118,,27.06929016113281,73.12999725341797
USA,United States of America,2015,,4.93064022064209,13.54664993286133,95.33496856689453,98.78231048583984,,1.805860042572021,64.63642120361328,99.66954040527344,14.45722961425781,14.45722961425781,88.88941192626953,88.41197204589844,92.98905181884766,
USA,United States of America,2016,,4.783279895782471,13.17061042785645,95.58524322509766,98.7800064086914,,0.3599700033664703,64.2498779296875,99.62431335449219,14.23904991149902,14.23904991149902,88.83505249023438,89.09236145019531,93.58892059326172,
USA,United States of America,2017,,5.09296989440918,13.8754997253418,94.9176025390625,98.82060241699219,,0.4243800044059753,64.60124206542969,99.66815948486328,14.19857025146484,14.19857025146484,88.16738891601562,89.81413269042969,93.96498107910156,
USA,United States of America,2018,,4.895020008087158,13.14741039276123,96.02937316894531,98.59,,0.574209988117218,64.48726654052734,98.78,14.23777961730957,14.23777961730957,88.29917907714844,89.80535888671875,92.64,
USA,United States of America,2019,,4.957469940185547,13.27268981933594,97.6129471753246,98.61999999999999,,0.9165700078010559,63.92391967773438,99.11,14.60816955566406,14.60816955566406,87.88871002197266,94.6938014055522,93.4,
USA,United States of America,2020,,5.395309925079346,12.1569995880127,96.46076965332031,98.79956817626953,0.1726700067520142,2.005079984664917,64.42674255371094,99.54470825195312,14.43729019165039,14.43729019165039,87.56765747070312,90.94052124023438,95.0361099243164,
USA,United States of America,2021,,5.420380115509033,11.29265975952148,95.25016784667969,98.76283264160156,1.157750010490417,4.095119953155518,53.83779144287109,99.5693588256836,13.56892013549805,13.56892013549805,84.85508728027344,91.31336212158203,94.57929992675781,
